,Comune,Come dici grembiule?,Come dici maiale?,Come dici ciabatta?,Come dici orologio?,Come dici cotechino grigliato?,Come dici tasca?,Come dici ragnatela?,Come dici talpa?,Come dici coperchio?,Come dici Fiammifero?,Come dici Imbuto?,Come dici Roncola?,Come dici Pop Corn?,Come dici Sasso?,Come dici Gallina?,Come dici Albicocca?,Come dici Briciole?,Come dici Panettiere?,Come dici Macellaio?,Come dici Libellula?,Come dici Pettegola?,Come dici Scapolo?,Come dici l'Asso di Bastoni?,Come dici l'Asso di Coppe?,Come dici Ombelico?,Come dici Bagnato?,Come dici l'Asso di Ori?,Come dici l'Asso di Spade?,Come dici Fradicio?
0,Adrara San Martino,scossalina,Sunì,söbra,Relòi,Cudeghì,Scarsèla,Talamora,Tupina,Coèrcc,Fiamifer,Turtaröl,Podet,Nessun Dato,Plòch,Poia,Armignaga ,Migle,Fornér,Bechér,becaöcc,petònega,Pötvecc,ol vincerai,ol pisalobia,bigol,Bagnàt,la borla,l'ass de spade,Bagnàt
1,Adrara San Rocco,scossàl,Sunì,saàta,Nessun Dato,Cudeghì,Gaiòfa,Tilamora,Nessun Dato,Coèrcc,Fiamifer,Nessun Dato,Podet,s-cioparöle,Plòch,Galina,Nessun Dato,Nessun Dato,Nessun Dato,Bechér,Nessun Dato,petònega,Pöt,ol bastù,ol pisì,Nessun Dato,Bagnàt,l'ass de ori,l'ass de spade,Bagnàt
2,Albano Sant'Alessandro,scossàl,Sunì,sibra,Orolòi,Strinù,Scarsèla,Tiramola,tópa,Coèrcc,Fiamifer,Pedriöl,Podet,s-ciuparöle,Plòch,Poia,Albicòch,Migole,Fornér,Bechér,becaöcc,petònega,Pötvecc,ol vincerai,l'ass de coppe,butù,Bagnàt,l'ass de ori,l'ass de spade,Bagnàt
3,Albino,bigaröla,Sunì,sébra,Leròi,Strinù,Scarsèla,Telemora,topinéra,Coèrcc,Solfanèl,Pedriöl,Podet,s-cioparöle,Plòch,Poia,Bignaga,Migole,Fornér,Bechér,becaöcc,petònega,Pötvecc,ol vincerai,ol pisalobia,butù,Bagnàt,l'ass de ori,l'ass de spade,Bagnàt
4,Algua,scossalina,Porsèl,sébra,Nessun Dato,Codeghì,Gaiòfa,Telemora,topinéra,Coèrcc,Solfanèl,Pedriöl,Podet,Nessun Dato,Plòch,Poia,Nessun Dato,Gandài,Panetèr,Bechér,Nessun Dato,petònega,Barba,Nessun Dato,Nessun Dato,Nessun Dato,Nessun Dato,Nessun Dato,Nessun Dato,Nessun Dato
5,Alme,scossàl,Sunì,Nessun Dato,Relòi,Codeghì,Scarsèla,Tiramola,tópa,Coèrcc,Solfanèl,Pedriöl,Corlass,culumbine,Plòch,Poia,Bignaga,Fregói,Fornér,Macelér,becaöcc,petònega,Barba,l'ass de bastù,ol pisalobia,butù,Bagnàt,l'ass de ori,l'ass de spade,Bagnàt
6,Almenno San Bartolomeo,scossàl,Ciù,sébra,Orolòi,Codeghì,Sacòcia,Tiramola,tópa,Coèrcc,Fiamifer,Pedriöl,Pigassa,colombine,Sàss,Poia,Bignaga,Migole,Fornér,Macelér,becaöcc,petònega,Barba,l'ass de bastù,ol pisì,butù,Bagnàt,la borla,l'ass de spade,Maserét
7,Almenno San Salvatore,scossàl,Ciù,sibra,Leròi,Codeghì,Scarsèla,Tiramola,tópa,Coèrcc,Solfanèl,Pedriöl,Pigassa,culumbine,Sàss,Poia,Bignaga,Gandaie,Fornér,Bechér,becaöcc,petònega,Barba,l'ass de bastù,ol pisagì,butù,Bagnàt,ol borla,l'ass de spade,Maserét
8,Alzano Lombardo,bigaröla,Sunì,sibra,Orolòi,Strinù,Scarsèla,Tiramola,Nessun Dato,Coèrcc,Solfanèl,Pedriöl,Podet,colombele,Plòch,Poia,Bignaga,Migole,Fornér,Macelér,becaöcc,petònega,Pötvecc,l'ass de bastù,l'ass de coppe,butù,Bagnàt,l'ass de ori,l'ass de spade,Bagnàt
9,Ambivere,bigarla,Ciù,sébra,Orolòi,Cudeghì,Sacòcia,Tiramola,tópa,Coèrcc,Solfanèl,Pedriöl,Pigassa,colombine,"Sàss: sasso piccolo, Plòch: sasso grande",Poia,Mignaga,Gandaie,Fornér,Macelér,becaöcc,petònega,Barba,l'ass de bastù,ol pisì,butù,Bagnàt,la borla,l'ass de spade,Maserét
10,Antegnate,scussàl,Roi,saàta,Urlòi,Cudeghì,Sacòcia,Talamora,tarfù,Coèrcc,Solfanèl,Pedriöl,Sighèss,Michitine,Plòch,Galina,Bignaga,Migole,Prestinér,Macelér,becaöcc,petònega,Nessun Dato,l'ass de bastù,ol pisì,bigol,Méss,la bola,l'ass de spade,Maserét
11,Arcene,bigaröla,Porsèl,sébra,Orolòi,Cudeghì,Sacòcia,Tiramola,tarfù,Coèrcc,Solfanèl,Pedriöl,Pighess,méche,Sàss,Poia,Mignaga,Fregoie,Prestinér,Macelér,scanaöcc,petònega,Marèll,l'ass de bastù,l'ass de coppe,butù,Bagnàt,l'ass de ori,l'ass de spade,Maserét
12,Ardesio,bigaröla,Porsèl,sébra,Nessun Dato,Strinù,Sacòcia,Telimora,topinéra,Coèrcc,Solfanèl,Pedriöl,Podet,Nessun Dato,Plòch,Poia,Mignaga,Migole,Paneter,Macelér,Nessun Dato,petònega,Pötvecc,l'ass de bastù,ol pisagì,butù,Méss,la bola,l'ass de spade,Trobatit
13,Arzago d'Adda,scussàl,Roi,Sibreta,Orolòi,Cudeghì,Sacòcia,Telemora,tópa,Coèrcc,Fiamifer,Pedriöl,Pighess,Nessun Dato,Sàss,Galina,Mugnaga,Fregoie,Prestinér,Macelér,Nessun Dato,zabèta,Nessun Dato,Nessun Dato,Nessun Dato,Nessun Dato,Bagnàt,Nessun Dato,Nessun Dato,Maserét
14,Averara,Nessun Dato,Nessun Dato,sibra,Nessun Dato,Nessun Dato,Nessun Dato,Nessun Dato,Nessun Dato,Nessun Dato,Nessun Dato,Turtaröl,Fols,méche,Plòch,Galina,Nessun Dato,Nessun Dato,Fornér,Nessun Dato,Nessun Dato,Nessun Dato,Nessun Dato,Nessun Dato,Nessun Dato,Nessun Dato,Nessun Dato,Nessun Dato,Nessun Dato,Nessun Dato
15,Aviatico,Nessun Dato,Porsèl,Nessun Dato,Nessun Dato,Nessun Dato,Scarsèla,Nessun Dato,Nessun Dato,Nessun Dato,Nessun Dato,Nessun Dato,Podet,Nessun Dato,Plòch,Poia,Bignaga,Nessun Dato,Nessun Dato,Nessun Dato,Nessun Dato,petònega,Nessun Dato,Nessun Dato,Nessun Dato,Nessun Dato,Nessun Dato,Nessun Dato,Nessun Dato,Nessun Dato
16,Azzano San Paolo,bigaröla,Sunì,sibra,Orolòi,Codeghì,Scarsèla,Tiramola,tópa,Coèrcc,Fiamifer,Pedriöl,Pighess,culumbine,Sàss,Poia,Bignaga,Migole,Fornér,Bechér,becaöcc,petònega,Pötvecc,ol vincerai,ol pisalobia,butù,Bagnàt,l'ass de ori,l'ass de spade,Bagnàt
17,Azzone,bigaröl,Pursèl,sibra,Nessun Dato,Strinù,Nessun Dato,Nessun Dato,Nessun Dato,Nessun Dato,Nessun Dato,Nessun Dato,Corlass,Nessun Dato,Nessun Dato,Poia,Nessun Dato,Nessun Dato,Nessun Dato,Nessun Dato,Nessun Dato,Nessun Dato,Pötvecc,Nessun Dato,Nessun Dato,butù,Bagnàt,Nessun Dato,Nessun Dato,Bagnàt
18,Bagnatica,scossalina,Sunì,sibra,Leròi,Codeghì,Scarsèla,Tiramola,tópa,Coèrcc,Solfanèl,Pedriöl,Podet,méche,Plòch,Poia,Bignaga,Migole,Fornér,Bechér,becaöcc,petònega,Pötvecc,l'ass de bastù,l'ass de coppe,butù,Bagnàt,l'ass de ori,l'ass de spade,Maserét
19,Barbata,scussàl,Pursèl,saàta,Nessun Dato,Salamèla,Sacòcia,Nessun Dato,tópa,Coèrcc,Fiamifer,Pedriöl,Nessun Dato,Nessun Dato,Plòch,Galina,Mignaga,Fregói,Prestinér,Macelér,scanaöcc,petònega,Pöt,l'ass de bastù,l'ass de coppe,bigol,Méss,la bola,l'ass de spade,Maserét
20,Bariano,bigaröla,Roi,sébra,Orolòi,Cudeghì,Sacòcia,Talamora,tópa,Coèrcc,Solfanèl,Pedriöl,Podet,Nessun Dato,Plòch,Galina,Mignaga,Fregoie,Prestinér,Macelér,Nessun Dato,petònega,Pöt,l'ass de bastù,ol pisagì,butù,Bagnàt,l'ass de ori,l'ass de spade,Maserét
21,Barzana,bigarla,Ciù,sibra,Orolòi,Codeghì,Sacòcia,Tiramola,tópa,Coèrcc,Fiamifer,Pedriöl,Pigassa,colombine,Sàss,Poia,Bignaga,Gandaie,Fornér,Bechér,becaöcc,petònega,Barba,ol vincerai,ol pisì,butù,Bagnàt,ol borla,l'ass de spade,Maserét
22,Bedulita,scossàl,Sunì,sibra,Relòi,Codeghì,Gaiòfa,Telemora,tópa,Coèrcc,Solfanèl,Pedriöl,Pegazza,Sciüpú,Sàss,Galina,Mögnaga,Gandài,Fornér,Macelér,becaöcc,Meda,Barbì,Nessun Dato,Nessun Dato,butù,Bagnàt,Nessun Dato,Nessun Dato,Maserét
23,Berbenno,bigaröl,Porsèl,sébra,Leròi,Codeghì,Gaiòfa,Telemora,tópa,Coèrcc,Fiamifer,Pedriöl,Corlass,Sciupu',Sàss,Galina,Albicòch,Gandài,Fornér,Macelér,Nessun Dato,petònega,Barba,Nessun Dato,Nessun Dato,butù,Bagnàt,Nessun Dato,Nessun Dato,Maserét
24,Bergamo,bigaröla,Sunì,sibra,Orolòi,Strinù,Scarsèla,Tiramola,tópa,Coèrcc,Solfanèl,Pedriöl,Podet,s-cioparöle,Sàss,Poia,Bignaga,Migole,Fornér,Macelér,becaöcc,petònega,Pötvecc,l'ass de bastù,ol pisalobia,butù,Bagnàt,l'ass de ori,l'ass de spade,Bagnàt
25,Berzo San Fermo,scossalina,Sunì,sibra,Leròi,Strinù,Scarsèla,Nessun Dato,topinéra,Coèrcc,Solferì,Pedriöl,Podet,s-cioparöle,Plòch,Poia,Bignaga,Fregói,Fornér,Bechér,becaöcc,petònega,Pötvecc,ol vincerai,l'ass de coppe,bigol,Bagnàt,la burlina,l'ass de spade,Bagnàt
26,Bianzano,bigarlì,Sunì,söbra,Leròi,Strinù,carsèla,Nessun Dato,topinéra,Coèrcc,Solfanèl,Pedriöl,Podet,Nessun Dato,Plòch,Poia,Bignaga,Fregoie,Fornér,Macelér,becaöcc,petònega,Pötvecc,Nessun Dato,Nessun Dato,bigol,Méss,Nessun Dato,Nessun Dato,Bagnàt
27,Blello,bigaröl,Porsèl,Nessun Dato,Leròi,Codeghì,Gaiòfa,Telemora,tópa,Coèrcc,Fiamifer,Pedriöl,Corlass,s-ciopu,Sàss,Galina,Mignaga,Gandaie,Fornér,Macelér,becaöcc,petònega,Barba,ol vincerai,ol pisalobia,butù,Bagnàt,l'ass de ori,ol taiamerde,Maserét
28,Bolgare,scossalina,Sunì,söbra,Leròi,Codeghì,Scarsèla,Tiramola,tópa,Coèrcc,Solfanèl,Pedriöl,Podet,Scutí,Plòch,Poia,Bignaga,Migle,Fornér,Bechér,scanaöcc,petònega,Pötvecc,ol vincerai,ol pisalobia,butù,Bagnàt,la borla,l'ass de spade,Bagnàt
29,Boltiere,bigaröla,Porsèl,sibra,Orolòi,Codeghì,Sacòcia,Tiramola,tópa,Coèrcc,Fiamifer,Pedriöl,Pighess,méche,Sàss,Poia,Mignaga,Migole,Prestinér,Macelér,scanaöcc,zabèta,Marèll,l'ass de bastù,ol pisì,butù,Bagnàt,padéla ,l'ass de spade,Maserét
30,Bonate Sopra,bigaröla,Sunì,sébra,Urlòi,Cudeghì,Sacòcia,Tiramola,tópa,Coèrcc,Fiamifer,Pedriöl,Pighess,méche,Sàss,Poia,Mignaga,Gandaie,Fornér,Macelér,becaöcc,petònega,Barba,l'ass de bastù,ol pisì,butù,Bagnàt,ol borla,l'ass de spade,Maserét
31,Bonate Sotto,scussàl,Pursèl,sébra,Urlòi,Cudeghì,Sacòcia,Tiramola,tópa,Coèrcc,Solfanèl,Pedriöl,Pighess,méche,Sàss,Poia,Mignaga,Gandaie,Fornér,Macelér,scanaöcc,petònega,Barba,ol vincerai,ol pisì,butù,Bagnàt,ol borla,l'ass de spade,Maserét
32,Borgo di Terzo,bigaröla,Sunì,sibra,Relòi,Strinù,Scarsèla,Taramora ,Nessun Dato,Coèrcc,Solferì,Nessun Dato,Podet,Nessun Dato,Plòch,Poia,Albicòch,Nessun Dato,Fornér,Macelér,Nessun Dato,petònega,Nessun Dato,Nessun Dato,Nessun Dato,Nessun Dato,Nessun Dato,Nessun Dato,Nessun Dato,Nessun Dato
33,Bossico,bigaröl,Hi aspirato,Nessun Dato,Leròi,Nessun Dato,Nessun Dato,Telemora,Nessun Dato,Nessun Dato,Solferì,Turtaröl,Podet,Nessun Dato,Plòch,Nessun Dato,Nessun Dato,Migole,Nessun Dato,Nessun Dato,Nessun Dato,Nessun Dato,Pöt,Nessun Dato,Nessun Dato,Nessun Dato,Méss,Nessun Dato,Nessun Dato,Bagnàt
34,Bottanuco,bigarla,Pursèl,sébra,Urlòi,Cudeghì,Sacòcia,Tiramola,topinéra,Coèrcc,Solferì,Pedriöl,Pighess,s-cioparöle,Sàss,Poia,Mignaga,Gandaie,Fornér,Macelér,becaöcc,petònega,Barba,ol vincerai,ol pisì,butù,Bagnàt,ol borla,l'ass de spade,Maserét
35,Bracca,bigaröla,Porsèl,Seber ,Nessun Dato,Codeghì,Scarsèla,Tilamora,tópa,Coèrcc,Solfanèl,Pedriöl,Corlass,Nessun Dato,Nessun Dato,Poia,Bignaga,Migole,Fornér,Macelér,Nessun Dato,tofa,Pötvecc,Nessun Dato,Nessun Dato,butù,Nessun Dato,Nessun Dato,Nessun Dato,Nessun Dato
36,Branzi,Nessun Dato,Porsèl,sibra,Nessun Dato,Cudeghì,Scarsèla,Talamora,tópa,Coèrcc,Solfanèl,Pedriöl,Fols,Nessun Dato,Corna,Galina,Nessun Dato,Migole,Panéter ,Bechér,becaöcc,Nessun Dato,Nessun Dato,Nessun Dato,Nessun Dato,butù,Bagnàt,Nessun Dato,Nessun Dato,Bagnàt
37,Brembate,bigarla,Porsèl,sébra,Orolòi,Strinù,Sacòcia,Tiramola,tarfù,Coèrcc,Solferì,Pedriöl,Pighess,culumbine,Sàss,Poia,Mignaga,Fregoie,Prestinér,Bechér,scanaöcc,petònega,Marèll,l'ass de bastù,ol pisì,butù,Bagnàt,l'ass de ori,l'ass de spade,Maserét
38,Brembate di Sopra,bigaröla,Sunì,sibra,Urlòi,Cudeghì,Scarsèla,Tiramola,tópa,Coèrcc,Solfanèl,Pedriöl,Pigassa,s-cioparöle,Sàss,Poia,Mignaga,Migole,Fornér,Macelér,becaöcc,petònega,Barba,ol vincerai,ol pisì,butù,Bagnàt,la borla,l'ass de spade,Maserét
39,Brignano Gera d'Adda,bigaröla,Pursèl,saàta,Orolòc,Strinù,Sacòcia,Tiramola,tópa,Coèrcc,Solfanèl,Nessun Dato,Pighess,s-cioparöle,Preda ,Poia,Bignaga,Fregoie,Prestinér,Macelér,scanaöcc,petònega,Marelöt,Nessun Dato,Nessun Dato,butù,Bagnàt,Nessun Dato,Nessun Dato,Maserét
40,Brumano,begarol,Porsèl,sébra,Leròi,Cudeghì,Gaiòfa,Telemora,tópa,Nessun Dato,Nessun Dato,Pedriöl,Corlass,Nessun Dato,Nessun Dato,Nessun Dato,Nessun Dato,Nessun Dato,Panetér,Macelér,Nessun Dato,petònega,Nessun Dato,Nessun Dato,Nessun Dato,Nessun Dato,Bagn,Nessun Dato,Nessun Dato,Mezz
41,Brusaporto,bigaröla,Sunì,sibra,Orolòi,Codeghì,Scarsèla,Tiramola,tarfù,Coèrcc,Solfanèl,Pedriöl,Podet,Scutì,Plòch,Poia,Bignaga,Migle,Fornér,Bechér,becaöcc,petònega,Pötvecc,ol vincerai,ol pisì,butù,Bagnàt,l'ass de ori,l'ass de spade,Bagnàt
42,Calcinate,bigaröla,Sunì,söbra,Orolòi,Codeghì,Scarsèla,Tiramola,tópa,Coèrcc,Solfanèl,Pedriöl,Podet,Scutine,Plòch,Poia,Bignaga,Migle,Fornér,Bechér,becaöcc,petònega,Pöt,l'ass de bastù,ol pisagì,bigol,Bagnàt,Piösna,l'ass de spade,Bagnàt
43,Calcio,scossalì,Roi,saàta,Orolòi,Strinù,Scarsèla,Talamora,tópa,Coèrcc,Solfanèl,Túrturì,Podet,s-cioparöle,Plòch,Galina,Mignaga,Migole,Fornér,Macelér,Nessun Dato,petònega,Pöt,ol bastù,l'ass de coppe,bigol,Bagnàt,l'ass de ori,l'ass de spade,Bagnàt
44,Calusco d'Adda,scussàl,Pursèl,sébra,Urlòi,Cudeghì,Sacòcia,Tiramola,tópa,Coèrcc,Solferì,Pedriöl,Pighess,s-ciuparöle,Sàss,Poia,Mignaga,Gandaie,Fornér,Macelér,becaöcc,petònega,Barba,l'ass de bastù,ol pisì,butù,Bagnàt,la borla,l'ass de spade,Maserét
45,Calvenzano,scossàl,Sunì,sébra,Relòi,Cudeghì,Sacòcia,Nessun Dato,Nessun Dato,Coèrcc,Fiamifer,Pedriöl,Nessun Dato,Nessun Dato,Sàss,Galina,Albicòch,Fregoie,Prestinér,Macelér,scanaöcc,petònega,Barba,l'ass de bastù,l'ass de coppe,Nessun Dato,Bagnàt,l'ass de ori,l'ass de spade,Bagnàt
46,Camerata Cornello,bigaröla,Porsèl,sibra,Leròi,Codeghì,Scarsèla,Tiramola,topinéra,Coèrcc,Solfanèl,Pedriöl,Podet,Nessun Dato,Plòch,Poia,Nessun Dato,Migole,Nessun Dato,Nessun Dato,Nessun Dato,petònega,Nessun Dato,l'ass de bastù,ol pisalobia,butù,Laát,la formaggia,l'ass de spade,Maser
47,Canonica d'Adda,bigaröla,Sunì,Nessun Dato,Relòi,Nessun Dato,Sacòcia,Tiramola,talpa,Coèrcc,sufranél,Pedriöl,Pighess,culumbine,Sàss,Poia,Albicòch,Fregoie,Prestinér,Bechér,Nessun Dato,petònega,Marèll,Nessun Dato,Nessun Dato,Nessun Dato,Bagnàt,Nessun Dato,Nessun Dato,Bagnàt
48,Capizzone,bigaröl,Sunì,sibra,Leròi,Codeghì,Gaiòfa,Telemora,tópa,Coèrcc,Solfanèl,Pedriöl,Pigassa,Nessun Dato,Sàss,Poia,Mignaga,Gandaie,Fornér,Macelér,becaöcc,petònega,Nessun Dato,l'ass de bastù,l'ass de coppe,Nessun Dato,Nessun Dato,la bola,l'ass de spade,Nessun Dato
49,Capriate San Gervasio,bigarla,Porsèl,sibra,Orolòi,Cudeghì,Sacòcia,Tiramola,Talpa,Coèrcc,Fiamifer,Pedriöl,Pighess,s-cioparöle,Plòch,Poia,Mignaga,Gandaie,Prestinér,Macelér,scanaöcc,petònega,Marèll,l'ass de bastù,ol pisì,butù,Bagnàt,la borla,l'ass de spade,Maserét
50,Caprino Bergamasco,scussàl,Ciù,sébra,Urlòi,Cudeghì,Sacòcia,Tiramola,tópa,Coèrcc,Sulfer ,Pedriöl,Pigazza,colombele,Sàss,Poia,Albicòch,Gandaie,Prestinér,Macelér,scanaöcc,petònega,Barba,l'ass de bastù,ol pisì,Nessun Dato,Bagnàt,Burtulí,l'ass de spade,Maserét
51,Caravaggio,scussalina,Pursèl,sébra,Orolòi,Cudeghì,Sacòcia,Talamora,tópa,Coèrcc,Solfanèl,Pedriöl,Podet,s-ciuparöle,Sàss,Galina,Bignaga,Fregoie,Prestinér,Macelér,scanaöcc,petònega,Pöt,l'ass de bastù,l'ass de coppe,butù,Bagnàt,l'ass de ori,l'ass de spade,Maserét
52,Carobbio degli Angeli,scossalina,Sunì,söbra,Orolòi,Strinù,Scarsèla,Tilamora,tópa,Coèrcc,Fiamifer,Pedriöl,Podet,Behcutí,Plòch,Poia,Bignaga,Migle,Fornér,Bechér,Nessun Dato,petònega,Pötvecc,Nessun Dato,Nessun Dato,butù,Bagnàt,Nessun Dato,Nessun Dato,Bagnàt
53,Carona,scossàl,Porsèl,sibra,Nessun Dato,Nessun Dato,Sacòcia,Ragnera ,Nessun Dato,Coèrcc,Fiamifer,Pedriöl,Nessun Dato,méche,Sàss,Poia,Nessun Dato,Nessun Dato,Panetèr ,Bechér,Nessun Dato,petònega,Nessun Dato,Nessun Dato,Nessun Dato,Nessun Dato,Bagnàt,Nessun Dato,Nessun Dato,Bagnàt
54,Carvico,scussàl,Sunì,sébra,Urlòi,Cudeghì,Sacòcia,Tiramola,tópa,Coèrcc,Solferì,Pedriöl,Pighess,s-ciuparöle,Sàss,Poia,Mignaga,Gandaie,Prestinér,Macelér,becaöcc,petònega,Barba,l'ass de bastù,ol pisì,butù,Bagnàt,la borla,l'ass de spade,Maserét
55,Casazza,scossalina,Sunì,söbra,Orolòi,Strinù,Scarsèla,Tiramola,farfù,Coèrcc,Solfanèl,Pedriöl,Podet,s-cioparöle,Plòch,Poia,Bignaga,Migle,Fornér,Bechér,becaöcc,petònega,Pötvecc,l'ass de bastù,l'ass de coppe,butù,Bagnàt,l'ass de ori,l'ass de spade,Bagnàt
56,Casirate d'Adda,scossalina,Roi,saàta,Urelòc,Nessun Dato,Sacòcia,Taramola,tópa,Coèrcc,Solfanèl,Pedriöl,Pudaröl,méche,Sàss,Poia,Mugnaga ,Fregoie,Prestinér,Nessun Dato,becaöcc,zabèta,Barba,Nessun Dato,Nessun Dato,butù,Bagnàt,Nessun Dato,Nessun Dato,Maserét
57,Casnigo,bigaröl,Sunì,söbra,Leròi,Strinù,Gaiòfa,Telemora,topinéra,Coèrcc,Solfanèl,Pedriöl,Podet,melgà,Plòch,Poia,Mignaga,Migle,Fornér,Macelér,becaöcc,petònega,Pötvecc,l'ass de bastù,l'ass de coppe,butù dol veder,Bagnàt,l'ass de ori,l'ass de spade,Mez
58,Cassiglio,Nessun Dato,Porsèl,sébra,Leròi,Codeghì,Scarsèla,Talamora,tópa,Coèrcc,Solfanèl,Pedriöl,Fols,méche,Sàss,Galina,Nessun Dato,Nessun Dato,Fornér,Nessun Dato,becaöcc,petònega,Nessun Dato,Nessun Dato,Nessun Dato,Nessun Dato,Bagnàt,Nessun Dato,Nessun Dato,Maser
59,Castel Rozzone,scossàl,Porsèl,sébra,Nessun Dato,Codeghì,Sacòcia,Tiramola,Nessun Dato,Coèrcc,Solfanèl,Pedriöl,Pighess,méche,Sàss,Galina,Mognaga,Nessun Dato,Prestinér,Macelér,scanaöcc,petònega,Marèll,Nessun Dato,Nessun Dato,butù,Bagnàt,Nessun Dato,Nessun Dato,Maserét
60,Castelli Calepio,bigaröl,Sunì,söbra,Orolòi,Cudeghì,Scarsèla,Talamora,Topina,Coèrcc,Solfanèl,Pedriöl,Podet,Nessun Dato,Plòch,Poia,Mignaga,Migle,Fornér,Bechér,scanaöcc,petònega,Pöt,l'ass de bastù,ol pisalobia,bigol,Bagnàt,l'ass de ori,l'ass de spade,Trubatit
61,Castione della Presolana,bigaröl,Porsèl,saàta,Orolòi,Strinù,Gaiòfa,Telemora,Tupina,Coèrcc,Solfanèl,Pedriöl,Podet,s-cioparöle,Plòch,Galina,Albicòch,Migole,Fornér,Macelér,becaöcc,petònega,Pötvecc,ol vincerai,ol pisagì,Butù del veter,Bagnàt,La luna,l'ass de spade,Bagnàt
62,Castro,Nessun Dato,Nessun Dato,Nessun Dato,Relòi,Nessun Dato,Nessun Dato,Nessun Dato,Nessun Dato,Nessun Dato,Nessun Dato,Nessun Dato,Nessun Dato,Nessun Dato,Cogol,Nessun Dato,Nessun Dato,Nessun Dato,Nessun Dato,Nessun Dato,Nessun Dato,petònega,Nessun Dato,Nessun Dato,Nessun Dato,Nessun Dato,Nessun Dato,Nessun Dato,Nessun Dato,Nessun Dato
63,Cavernago,bigaröla,Sunì,sibra,Orolòi,Codeghì,Scarsèla,Tiramola,tópa,Coèrcc,Fiamifer,Pedriöl,Podet,s-cioparöle,Plòch,Poia,Bignaga,Migle,Fornér,Bechér,becaöcc,petònega,Pöt,ol vincerai,ol pisagì,butù,Bagnàt,l'ass de ori,l'ass de spade,Bagnàt
64,Cazzano Sant'Andrea,bigaröla,Sunì,Zöbra,Nessun Dato,Strinù,Gaiòfa,Telemora,topinéra,Coèrcc,Zàc,Pedriöl,Podet,Nessun Dato,Plòch,Poia,Mignaga,Migle,Fornér,Bechér,becaöcc,petònega,Pötvecc,l'ass de bastù,ol pesacì,butù,Bagnàt,la pula,l'ass de spade,Mezz
65,Cenate Sopra,bigaröla,Sunì,sébra,Leròi,Codeghì,Scarsèla,Tiramora ,topinéra,Coèrcc,Solfanèl,Pedriöl,Podet,s-ciuparöle,Plòch,Poia,Bignaga,Migle,Fornér,Macelér,becaöcc,petònega,Pötvecc,ol vincerai,ol pisalobia,butù,Bagnàt,ol bosla,l'ass de spade,Tròbatit
66,Cenate Sotto,scossàl,Sunì,sébra,Nessun Dato,"Strinù solo se accompagnato dal ""pà"" altrimenti salamella",Scarsèla,Tilamora,Nessun Dato,Coèrcc,Fölminànt,Pedriöl,Podet,Biscutì,Plòch,Poia,Bignaga,Nessun Dato,Fornér,Macelér,becaöcc,petònega,Pötvecc,Nessun Dato,Nessun Dato,butù,Bagnàt,Nessun Dato,Nessun Dato,Bagnàt
67,Cene,scossàl,Sunì,sébra,Orolòi,Strinù,Scarsèla,Tiramore,topinéra,Coèrcc,Solfanèl,Pedriöl,Podet,méche,Plòch,Poia,Bignaga,Migle,Fornér,Bechér,becaöcc,petònega,Pötvecc,ol vincerai,ol pisalobia,butù,Bagnàt,l'ass de ori,l'ass de spade,Bagnàt
68,Cerete,bigaröl,Porsèl,saàta,Nessun Dato,Strinù,Nessun Dato,tilemora,Nessun Dato,Coèrcc,Solfanèl,Pedriöl,Podet,Nessun Dato,Plòch,Poia,Bignaga,Fregoie,Fornér,Bechér,becaöcc,petònega,Barba,ol vincerai,ol pisì,Nessun Dato,Méss,l'ass de ori,l'ass de spade,Méss cúss
69,Chignolo d'Isola,scussàl,Sunì,sébra,Urlòi,Cudeghì,Sacòcia,Tiramola,tarfù,Coèrcc,Solferì,Pedriöl,Pighess,méche,Sàss,Poia,Mignaga,Gandaie,Prestinér,Macelér,scanaöcc,petònega,Barba,l'ass de bastù,ol pisì,butù,Bagnàt,la borla,l'ass de spade,Maserét
70,Chiuduno,scossalina,Sunì,söbra,Orolòi,Codeghì,Scarsèla,Tiramola,tarfù,Coèrcc,Solfanèl,Pedriöl,Podet,s-cioparöle,Plòch,Poia,Bignaga,Migle,Fornér,Bechér,becaöcc,petònega,Pötvecc,ol vincerai,ol pisalobia,butù,Bagnàt,la borla,l'ass de spade,Bagnàt
71,Cisano Bergamasco,scussàl,Sunì,sébra,Urlòi,Cudeghì,Sacòcia,Tiramola,Nessun Dato,Coèrcc,Fiamifer,Pedriöl,Pigassa,s-ciuparöle,Sàss,Poia,Mugnaga,Gandaie,Prestinér,Macelér,becaöcc,petònega,Barba,l'ass de bastù,l'ass de coppe,butù,Bagnàt,l'ass de ori,l'ass de spade,Maserét
72,Ciserano,bigaröla,Pursèl,sibra,Orolòi,Codeghì,Scarsèla,Tiramola,Nessun Dato,Coèrcc,Solfanèl,Pedriöl,Pighess,méche,Sàss,Poia,Mignaga,Fregoie,Prestinér,Macelér,Nessun Dato,petònega,Marèll,ol vincerai,ol pisagì,butù,Bagnàt,Masenghini,l'ass de spade,Maserét
73,Cividate al Piano,scossàl,Sunì,sapata,Orolòi,Codeghì,Scarsèla,Talamora,tópa,Coèrcc,Solfanèl,Pedriöl,Podet,Michí,Plòch,Galina,Albicòch,Migole,Fornér,Macelér,Nessun Dato,petònega,Pöt,ol vincerai,ol pisagì,bigol,Bagnàt,l'ass de ori,l'ass de spade,Bagnàt
74,Clusone,bigaröla,Pursèl,saàta,Leròi,Strinù,Scarsèla,Tilimora,topinéra,Coèrcc,Solfanèl,Pedriöl,Podet,s-ciuparöle,Plòch,Poia,Bignaga,Migle,Fornér,Macelér,becaöcc,petònega,Pötvecc,ol vincerai,ol pisagì,butù,Méss,la formaggia,l'ass de spade,Bagnàt
75,Colere,bigaröl,Pursèl,Hibràtulo,Relòi,Strinù,Guèfo,Telemora,topinéra,Taèl,Fiamifer,Pedriöl,Pudeta,s-cioparöle,Cörna,Galina,Albicòch,Migole,Paneter,Bechér,Nessun Dato,petònega,Pötvecc,l'ass de bastù,l'ass de coppe,butù,Bagnàt,L'ass de dener,l'ass de spade,Bagnàt
76,Cologno al Serio,bigaröla,Sunì,sibra,Orolòi,Codeghì,Scarsèla,Tiramola,tarfù,Coèrcc,Solfanèl,Pedriöl,Pighess,méche,Plòch,Poia,Bignaga,Fregoie,Fornér,Macelér,becaöcc,petònega,Pöt,l'ass de bastù,l'ass de coppe,butù,Bagnàt,l'ass de ori,l'ass de spade,Bagnàt
77,Colzate,bigaröl,Porsèl,sébra,Leròi,Strinù,Gaiòfa,Telemora,topinéra,Coèrcc,Solfanèl,Pedriöl,Podet,s-cioparöle,Plòch,Poia,Bignaga,Migole,Fornér,Macelér,becaöcc,petònega,Pötvecc,ol bastù,ol pisagì,butù,Méss,La polenta ,ol taiamerde,Méss
78,Comun Nuovo,scossàl,Sunì,sibra,Orolòi,Codeghì,Scarsèla,Tiramola,Nessun Dato,Coèrcc,Solfanèl,Pedriöl,Pighess,Pop corn,Plòch,Poia,Mignaga,Migole,Fornér,Bechér,Nessun Dato,petònega,Pötvecc,l'ass de bastù,ol pisì,butù,Bagnàt,l'ass de ori,l'ass de spade,Maserét
79,Corna Imagna,Begaröl,Porsèl,sébra,Leròi,Cudeghì,Gaiòfa,Telemora,tópa,Coèrcc,Solfanèl,Pedriöl,Corlass,s-cioparöle,Plòch,Galina,Bignaga,Gandaie,Fornér,Macelér,becaöcc,petònega,Bàrba,ol vincerai,ol pisalobia,butù,Bagnàt,la formaggia,l'ass de spade,Maserét
80,Cornalba,Nessun Dato,Nessun Dato,Nessun Dato,Nessun Dato,Nessun Dato,Gaiòfa,Nessun Dato,Nessun Dato,Nessun Dato,Nessun Dato,Nessun Dato,Corlass,Nessun Dato,Nessun Dato,Nessun Dato,Nessun Dato,Nessun Dato,Nessun Dato,Nessun Dato,Nessun Dato,Nessun Dato,Nessun Dato,Nessun Dato,Nessun Dato,Nessun Dato,Nessun Dato,Nessun Dato,Nessun Dato,Nessun Dato
81,Cortenuova,scossàl,Roi,sibra,Orolòi,Codeghì,Scarsèla,Tiramola,tópa,Coèrcc,Solfanèl,Pedriöl,Podet,s-scioparöle,Plòch,Poia,Nessun Dato,meche,Fornér,Macelér,Nessun Dato,petònega,Pöt,l'ass de bastù,ol pisagì,butù,Bagnàt,l'ass de ori,l'ass de spade,Bagnàt
82,Costa Serina,scossàl,Sunì,sébra,Nessun Dato,Nessun Dato,Gaiòfa,Telimora,tópa,Coèrcc,Fiamifer,Nessun Dato,Corlass,méche,Plòch,Poia,Mignaga,Migole,Fornér,Becherí,becaöcc,petònega,Pötvecc,ol vincerai,ol pisagì,Nessun Dato,Bagnàt,la borla,l'ass de spade,Maserét
83,Costa Valle Imagna,bigaröl,Ciù,sébra,Leròi,Codeghì,Gaiòfa,Telemora,tópa,Taèl,Fiamifer,Pedriöl,Pigassa,Nessun Dato,Sàss,Poia,Albicòch,Nessun Dato,Prestinér,Macelér,Nessun Dato,petònega,Marèll,Nessun Dato,Nessun Dato,Nessun Dato,Nessun Dato,Nessun Dato,Nessun Dato,Nessun Dato
84,Costa Volpino,bigaröl,Porsèl,Hapàta,Orolòi,Strinù,Scarsèla,Taramora,Tupina,Coèrcc,Solfanèl,Turtaröl,Podet,colombine,Plòch,Galina,Albicòch,Migole,Fornér,Macelér,Libelula,petònega,Pöt,l'ass de bastù,l'ass de coppe,bigol,Bagnàt,l'ass de ori,l'ass de spade,Bagnàt
85,Costa di Mezzate,scossalina,Sunì,sébra,Relòi,Codeghì,Scarsèla,Tiramora,tópa,Coèrcc,Fiamifer,Pedriöl,Podet,Nessun Dato,Plòch,Poia,Bignaga,Migle,Fornér,Bechér,becaöcc,petònega,Pötvecc,l'ass de bastù,ol pisagì,butù,Bagnàt,l'ass de ori,l'ass de spade,Trobatit
86,Covo,scossàl,Roi,sibra,Nessun Dato,Cudeghì,Sacòcia,Telemora,tópa,Coèrcc,Solfanèl,Pedriöl,Podet,Nessun Dato,Plòch,Galina,Brognaga,Migole,Prestinér,Macelér,becaöcc,petònega,Nessun Dato,l'ass de bastù,l'ass de coppe,bigol,Bagnàt,l'ass de ori,l'ass de spade,Maserét
87,Credaro,Nessun Dato,Sunì,saàta,oroloi,Nessun Dato,Scarsèla,talamora,Nessun Dato,Nessun Dato,Solfanèl,Turtaröl,Podet,Nessun Dato,Plòch,Poia,Nessun Dato,Migle,Nessun Dato,Nessun Dato,becaöcc,petònega,Nessun Dato,Nessun Dato,Nessun Dato,bigol,Bagnàt,Nessun Dato,Nessun Dato,Bagnàt
88,Curno,bigaröla,Sunì,sibra,Orolòi,Codeghì,Scarsèla,Tiramola,topinéra,Coèrcc,Solfanèl,Pedriöl,Pighess,s-cioparöle,Plòch,Poia,Bignaga,Gandaie,Fornér,Macelér,becaöcc,petònega,Barba,l'ass de bastù,l'ass de coppe,butù,Bagnàt,la borla,l'ass de spade,Maserét
89,Cusio,Nessun Dato,Porsèl,Nessun Dato,Nessun Dato,Nessun Dato,Scarsèla,Nessun Dato,Nessun Dato,Nessun Dato,Solfanèl,Pedriöl,Folsc,méche,Corna,Pita,Mignaga,Migazze,Panetér,Bechér,becaöcc,petònega,Nessun Dato,l'ass de bastù,l'ass de coppe,Botol,Bagnàt,la formaggia,l'ass de spade,Slozzo
90,Dalmine,bigaröla,Sunì,sibra,Orolòi,Codeghì,Scarsèla,Tiramola,tarfù,Coèrcc,Solfanèl,Pedriöl,Pighess,s-cioparöle,Sàss,Poia,Mignaga,Migole,Fornér,Macelér,becaöcc,petònega,Barba,ol vincerai,ol pisì,butù,Bagnàt,l'ass de ori,l'ass de spade,Maserét
91,Dossena,Nessun Dato,Porsèl,sibra,Leròi,Codeghì,Scarsèla,Tiramola,tópa,Nessun Dato,Nessun Dato,Nessun Dato,Podet,Nessun Dato,Corna ,Poia,Nessun Dato,Migole,Nessun Dato,Nessun Dato,Nessun Dato,Nessun Dato,Nessun Dato,Nessun Dato,Nessun Dato,Nessun Dato,Bagnàt,Nessun Dato,Nessun Dato,Laàt
92,Endine Gaiano,scossàl,Sunì,sibra,Orolòi,Strinù,Scarsèla,Telemora,tarfù,Coèrcc,Fiamifer,Pedriöl,Podet,Nessun Dato,Plòch,Poia,Albicòch,Migole,Fornér,Macelér,becaöcc,petònega,Pötvecc,l'ass de bastù,l'ass de coppe,butù,Bagnàt,l'ass de ori,l'ass de spade,Bagnàt
93,Entratico,bigaröla,Sunì,söbra,Orolòi,Cudeghì e/o Strinù,Scarsèla,Ragnatela,topinéra,Coèrcc,Fiamifer,Pedriöl,Podet,s-ciuparöle,Plòch,Poia,Albicocca,Fregoie,Fornér,Bechér,becaöcc,petònega,Nessun Dato,Nessun Dato,Nessun Dato,Nessun Dato,Nessun Dato,Nessun Dato,Nessun Dato,Nessun Dato
94,Fara Gera d'Adda,scussàl,Pursèl,sibra,Orolòi,Cudeghì,Sacòcia,Tiramola,topinéra,Coèrcc,Solferì,Pedriöl,Pighess,Nessun Dato,Sàss,Galina,Albicòch,Fregoie,Prestinér,Macelér,scanaöcc,petònega,Marèll,l'ass de bastù,l'ass de coppe,butù,Bagnàt,l'ass de ori,l'ass de spade,Maserét
95,Fara Olivana con Sola,scussalina,Roi,sébra,Nessun Dato,Cudeghì,Secòcia,Talamora,tópa,Coèrcc,Solfanèl,Pedriöl,Pighess,s-cioparöle,Plòch,Galina,Albicòch,Fregoie,Prestinér,Macelér,Nessun Dato,petònega,Nessun Dato,l'ass de bastù,ol pisì,bigol,Bagnàt,l'ass de ori,l'ass de spade,Maserét
96,Filago,bigarla,Pursèl,sébra,Orolòi,Cudeghì,Sacòcia,Tiramola,tópa,Coèrcc,Solferì,Pedriöl,Pighess,s-cioparöle,Sàss,Poia,Mignaga,Gandaie,Prestinér,Macelér,becaöcc,petònega,Marèll,l'ass de bastù,ol pisì,butù,Bagnàt,l'ass de ori,l'ass de spade,Maserét
97,Fino del Monte,bigaröl,Porsèl,söbra,Leròi,Strinù,Sacòcia,Tilimora,topinéra,Coèrcc,Fiamifer,Pedriöl,Podet,Nessun Dato,Plòch,Poia,Albicòch,Migole,Fornér,Bechér,becaöcc,petònega,Pötvecc,Nessun Dato,Nessun Dato,Nessun Dato,Méss,Nessun Dato,Nessun Dato,Méss
98,Fiorano al Serio,bigaröla,Sunì,söbra,Leròi,Strinù,Scarsèla,Porana,busa,Coèrcc,Solfanèl,Pedriöl,Podet,s-cioparöle,Plòch,Poia,Bignaga,Migole,Fornér,Macelér,becaöcc,petònega,Pötvecc,l'ass de bastù,ol pisalobia,butù,Bagnàt,l'ass de ori,l'ass de spade,Bagnàt
99,Fontanella,scussàl,Roi,sibra,Urulòi,Cudeghì,Sacòcia,Talamora,tópa,Coèrcc,Sufanèl,Pedriöl,furset,Nessun Dato,Plòch,Galina,Mignaga,Fregoie,Prestinér,Bechér,Nessun Dato,petònega,Pöt,l'ass de bastù,l'ass de coppe,bigol,Bagnàt,l'ass de ori,l'ass de spade,Maserét
100,Fonteno,Nessun Dato,Nessun Dato,sibra,Nessun Dato,Strinù,Nessun Dato,Nessun Dato,Nessun Dato,Nessun Dato,Nessun Dato,Nessun Dato,Podet,culumbine,Plòch,Nessun Dato,Nessun Dato,Nessun Dato,Nessun Dato,Nessun Dato,Nessun Dato,Nessun Dato,Nessun Dato,Nessun Dato,Nessun Dato,Nessun Dato,Nessun Dato,Nessun Dato,Nessun Dato,Nessun Dato
101,Foppolo,scossàl,Nessun Dato,sibra,Nessun Dato,Nessun Dato,Nessun Dato,Nessun Dato,Nessun Dato,Nessun Dato,Nessun Dato,Pedriöl,Sblam,Nessun Dato,Nessun Dato,Nessun Dato,Nessun Dato,Nessun Dato,Nessun Dato,Nessun Dato,Nessun Dato,Nessun Dato,Nessun Dato,Nessun Dato,Nessun Dato,Nessun Dato,Nessun Dato,Nessun Dato,Nessun Dato,Masèr
102,Foresto Sparso,bigaröl,Sunì,sébra,Orolòi,Codeghì,Gaiòfa,Tiramola,tarfù,Coèrcc,Fiamifer,Törtöröl,Podet,s-cioparöle,Plòch,Poia,Bignaga,Migle,Fornér,Macelér,scanaöcc,petònega,Pöt,ol vincerai,l'ass de coppe,bigol,Bagnàt,l'ass de ori,l'ass de spade,Bagnàt
103,Fornovo San Giovanni,scossàl,Roi,sébra,Urelócc,Cudeghì,Sacòcia,Talamora,topinéra,Coèrcc,Fiamifer,Pedriöl,Podet,s-cioparöle,Sàss,Poia,Nessun Dato,Fregoie,Prestinér,Macelér,Nessun Dato,petònega,Pöt,Nessun Dato,Nessun Dato,butù,Bagnàt,Nessun Dato,Nessun Dato,Maserét
104,Fuipiano Valle Imagna,Nessun Dato,Porsèl,sébra,Nessun Dato,Cudeghì,Scarsèla,Telemora,tópa,Coèrcc,Fölminànt,Pedriöl,Corlass,Nessun Dato,Nessun Dato,Galina,Nessun Dato,Gandài,Fornér,Macelér,becaöcc,petònega,Nessun Dato,Nessun Dato,Nessun Dato,Nessun Dato,Nessun Dato,Nessun Dato,Nessun Dato,Nessun Dato
105,Gandellino,bigaröla,Porsèl,saàta,Nessun Dato,Cudeghì,Sacòcia,Telimora,Nessun Dato,Coèrcc,Solfanèl,Pedriöl,Podet,Nessun Dato,Plòch,Galina,Bicoca ,Migole,paneter ,Macelér,Nessun Dato,petònega,Pötvecc,ol vincerai,ol pisalobia,butù,Bagnàt,La polenta,l'ass de spade,Trebatit
106,Gandino,bigarlina,Sunì,söbra,Leròi,Strinù,Gaiòfa,Telemora,topinéra,Coèrcc,Zac,Pedriöl,Podet,s-cioparöle,Plòch,Poia,Megnaga ,Migle,Fornér,Macelér,becaöcc,petònega,Pötvecc,ol bastù,ol pisì,butù,Bagnàt,l'ass de ori,l'ass de spade,Bagnàt
107,Gandosso,bigaröl,Sunì,söbra,Nessun Dato,Cudeghì,Nessun Dato,Calamore,Nessun Dato,Coèrcc,Nessun Dato,Pedriöl,Podet,Nessun Dato,Plòch,Poia,Nessun Dato,Nessun Dato,Nessun Dato,Bechér,Nessun Dato,Nessun Dato,Pöt,Nessun Dato,Nessun Dato,butù,Nessun Dato,Nessun Dato,Nessun Dato,Nessun Dato
108,Gaverina Terme,bigarlì,Sunì,sébra,Nessun Dato,Nessun Dato,Nessun Dato,Telemora,Tapinera,Coèrcc,Solfanèl,Pedriöl,Podet,s-cioparöle,Plòch,Poia,Nessun Dato,Nessun Dato,Fornér,Bechér,becaöcc,zabèta,Nessun Dato,Nessun Dato,Nessun Dato,Nessun Dato,Bagnàt,Nessun Dato,Nessun Dato,Bagnàt
109,Gazzaniga,scossàl,Porsèl,söbra,Leròi,Strinù,Scarsèla,Porana,tapinera,Coèrcc,Solfanèl,Pedriöl,Podet,Nessun Dato,Plòch,Poia,Bignaga,Migole,Fornér,Bechér,becaöcc,petònega,Pötvecc,l'ass de bastù,l'ass de coppe,butù,Bagnàt,l'ass de ori,l'ass de spade,Bagnàt
110,Ghisalba,bigaröl,Sunì,sibra,Orolòi,Codeghì,Scarsèla,Tiramola,tópa,Coèrcc,Solfanèl,Pedriöl,Podet,s-cioparöle,Plòch,Poia,Bignaga,Migle,Fornér,Macelér,Libellula,petònega,Pöt,l'ass de bastù,ol pisagì,butù,Bagnàt,l'ass de ori,l'ass de spade,Maserét
111,Gorlago,scossàl,Sunì,söbra,Orolòi,Cudeghì,Scarsèla,Tilamora,Nessun Dato,Coèrcc,Fiamifer,Pedriöl,Podet,Nessun Dato,Plòch,Poia,Bignaga,Nessun Dato,Fornér,Bechér,becaöcc,petònega,Pötvecc,ol bastù,ol pisì,butù,Bagnàt,la borla,l'ass de spade,Bagnàt
112,Gorle,bigaröla,Sunì,sibra,Orolòi,Codeghì,Scarsèla,Tiramola,tarfù,Coèrcc,Solfanèl,Pedriöl,Pighess,culumbine,Plòch,Poia,Bignaga,Migle,Fornér,Macelér,becaöcc,petònega,Pötvecc,l'ass de bastù,l'ass de coppe,butù,Bagnàt,l'ass de ori,l'ass de spade,Bagnàt
113,Gorno,scossàl,Porsèl,sébra,Leròi,Strinù,Gaiòfa,Telemora,topinéra,Coèrcc,Solfanèl,Pedriöl,Podet,s-cioparöle,Plòch,Poia,Bignaga,Migle,Fornér,Bechér,becaöcc,petònega,Pötvecc,ol vincerai,l'ass de coppe,butù,Bagnàt,la formaggia,l'ass de spade,Bagnàt
114,Grassobbio,bigaröl,Sunì,sibra,Eròi,Codeghì,Scarsèla,Tiramola,tópa,Coèrcc,Solfanèl,Pedriöl,Pighess,culumbine,Plòch,Poia,Rimane cosí. Albicocca,Migole,Fornér,Macelér,Nessun Dato,petònega,Pötvecc,l'ass de bastù,ol pisì,butù,Bagnàt,l'ass de ori,l'ass de spade,Maserét
115,Gromo,scossàl,Porsèl,sébra,Relòi,Strinù,Scarsèla,Telemora,Nessun Dato,Coèrcc,Solfanèl,Pedriöl,Podet,s-cioparöle,Plòch,Poia,Mignaga,Fregói,Fornér,Nessun Dato,becaöcc,petònega,Pötvecc,l'ass de bastù,ol pisì,butù,Mìss,l'ass de ori,l'ass de spade,Bagnàt
116,Grone,Nessun Dato,Sunì,Nessun Dato,Nessun Dato,Nessun Dato,Nessun Dato,Telemora,topinéra,Coèrcc,Fiamifer,Pedriöl,Podet,Nessun Dato,Plòch,Poia,Bignaga,Migole,Nessun Dato,Nessun Dato,scanaöcc,Nessun Dato,Nessun Dato,l'ass de bastù,l'ass de coppe,bigol,Nessun Dato,l'ass de ori,l'ass de spade,Nessun Dato
117,Grumello del Monte,scossàl,Sunì,söbra,Orolòi,Codeghì,Scarsèla,Tiramora,tarfù,Coèrcc,Solfanèl,Pedriöl,Podet,s-cioparöle,Plòch,Poia,Bignaga,Migle,Fornér,Macelér,scanaöcc,petònega,Pöt,ol vincerai,ol pisagì,Nessun Dato,Bagnàt,la borla,l'ass de spade,Bagnàt
118,Isola di Fondra,Nessun Dato,Nessun Dato,Nessun Dato,Nessun Dato,Nessun Dato,Nessun Dato,Nessun Dato,Nessun Dato,Nessun Dato,Nessun Dato,Nessun Dato,Sblam,Nessun Dato,Nessun Dato,Nessun Dato,Nessun Dato,Nessun Dato,Nessun Dato,Nessun Dato,Nessun Dato,Nessun Dato,Nessun Dato,Nessun Dato,Nessun Dato,Nessun Dato,Nessun Dato,Nessun Dato,Nessun Dato,Nessun Dato
119,Isso,Nessun Dato,Nessun Dato,Nessun Dato,Nessun Dato,Nessun Dato,Nessun Dato,Nessun Dato,Nessun Dato,Nessun Dato,Nessun Dato,Nessun Dato,Nessun Dato,Nessun Dato,Plòch,Nessun Dato,Nessun Dato,Fregoie,Nessun Dato,Nessun Dato,Nessun Dato,petònega,Nessun Dato,Nessun Dato,Nessun Dato,Nessun Dato,Nessun Dato,Nessun Dato,Nessun Dato,Nessun Dato
120,Lallio,bigaröla,Sunì,sibra,Orolòi,Strinù,Scarsèla,Tiramola,tópa,Coèrcc,Solfanèl,Pedriöl,Pighess,s-cioparöle,Sàss,Poia,Bignaga,Brisöle,Fornér,Macelér,becaöcc,petònega,Nessun Dato,l'ass de bastù,ol pisagì,butù,Bagnàt,l'ass de ori,ol taiamerde,Bagnàt
121,Leffe,scossalina,Zú,söbra,Leròi,Strinù,Scarsèla,Telemora,Tapinéra,Coèrcc,Zac,Pedreöl,Podet,Nessun Dato,Piòc,Poia,Nessun Dato,Migle,Fornér,Macelér,becaöcc,petònega,Pötvecc,l'ass de bastù,l'ass de coppe,Nessun Dato,Bagnàt,la bola,l'ass de spade,Méss
122,Lenna,scossàl,Ciù,Nessun Dato,Leròi,Nessun Dato,Scarsèla,Talamora,Nessun Dato,Coèrcc,Nessun Dato,Nessun Dato,Fols,méche,Nessun Dato,Nessun Dato,Nessun Dato,Migole,Nessun Dato,Nessun Dato,Nessun Dato,Nessun Dato,Nessun Dato,Nessun Dato,Nessun Dato,butulì,Nessun Dato,Nessun Dato,Nessun Dato,Nessun Dato
123,Levate,bigaröla,Porsèl,sibra,Orolòi,Codeghì,Scarsèla,Tiramola,tarfù,Coèrcc,Solfanèl,Pedriöl,Pighess,Bescote,Sàss,Poia,Mignaga,Fregói,Fornér,Macelér,scanaöcc,petònega,Barba,ol vincerai,ol pisì,butù,Bagnàt,l'ass de ori,l'ass de spade,Maserét
124,Locatello,bigaröl,Porsèl,saàta,Leròi,Codeghì,Gaiòfa,Telemora,tópa,Coèrcc,Nessun Dato,Pedriöl,Corlass,s-cioparöle,Sàss,Poia,Bignaga,Gandaie,Fornér,Macelér,becaöcc,petònega,Pöt,l'ass de bastù,ol pisalobia,Nessun Dato,Bagnàt,l'ass de ori,l'ass de spade,Imbrombat
125,Lovere,bigaröl,Porsèl,saàta,Relòi,Strinù,Scarsèla,Nessun Dato,Nessun Dato,Coèrcc,Solfanèl,Turtaröl,Podet,colombine,Plòch,Galina,Albicòch,Migole,Fornér,Macelér,scanaöcc,petònega,Pötvecc,l'ass de bastù,l'ass de coppe,butù,Bagnàt,l'ass de ori,l'ass de spade,Ciombo
126,Lurano,scussalina,Porsèl,sibra,Orolòi,Codeghì,Sacòcia,Telemora,tópa,Coèrcc,Solfanèl,Pedriöl,Pighess,méche,Sàss,Poia,Mignaga,Fregoie,Nessun Dato,Macelér,caaöcc,petònega,Marèll,l'ass de bastù,l'ass de coppe,butù,Bagnàt,l'ass de ori,l'ass de spade,Maserét
127,Luzzana,scossalina,Sunì,söbra,Orolòi,Strinù,Scarsèla,Tiramola,tarfù,Coèrcc,Solfanèl,Pedriöl,Podet,Nessun Dato,Plòch,Poia,Bignaga,Migle,Fornér,Bechér,becaöcc,Nessun Dato,Nessun Dato,Nessun Dato,Nessun Dato,butù,Bagnàt,Nessun Dato,Nessun Dato,Bagnàt
128,Madone,scossàl,Pursèl,sébra,Urlòi,Cudeghì,Sacòcia,Tiramola,tópa,Coèrcc,Solferì,Pedriöl,Pighess,méche,Sàss,Poia,Mignaga,Gandaie,Prestinér,Macelér,scanaöcc,petònega,Barbì,ol vincerai,ol pisì,butù,Bagnàt,ol borla,l'ass de spade,Maserét
129,Mapello,bigaröla,Ciù,sibra,Urlòi,Cudeghì,Sacòcia,Tiramola,tópa,Coèrcc,Fiamifer,Pedriöl,Pigassa,culumbine,Sàss,Poia,Mignaga,Gandaie,Fornér,Macelér,becaöcc,petònega,Barba,ol vincerai,ol pisì,butù,Bagnàt,la borla,l'ass de spade,Maserét
130,Martinengo,bigaröla,Sunì,sibra,Orolòi,Strinù,Scarsèla,Tiramola,Nessun Dato,Coèrcc,Fiamifer,Pedriöl,Podet,s-cioparöle,Plòch,Poia,Mignaga,Migle,Fornér,Bechér,Nessun Dato,petònega,Pöt,l'ass de bastù,ol pisagì,Nessun Dato,Bagnàt,la büsa,l'ass de spade,Bagnàt
131,Medolago,scussàl,Sunì,sébra,Urlòi,Cudeghì,Sacòcia,Tiramola,tópa,Coèrcc,Solferì,Pedriöl,Pighess,s-ciuparöle,Sàss,Poia,Mignaga,Migole,Fornér,Macelér,becaöcc,petònega,Barba,ol vincerai,ol pisì,butù,Bagnàt,ol borla,l'ass de spade,Maserét
132,Mezzoldo,scossàl,Porsèl,sébra,Leròi,Cudeghì,Nessun Dato,Talamora,tupina,Nessun Dato,Solfanèl,Pedriöl,Fols,Nessun Dato,Sàss,Poia,Nessun Dato,Nessun Dato,Nessun Dato,Macelér,Nessun Dato,Nessun Dato,Pötvecc,Nessun Dato,Nessun Dato,Bus del nono,Nessun Dato,Nessun Dato,Nessun Dato,Nessun Dato
133,Misano di Gera d'Adda,scussalina,Roi,saàta,Nessun Dato,Nessun Dato,Nessun Dato,Nessun Dato,Nessun Dato,Nessun Dato,Solfanèl,Pedriöl,Fursí,Nessun Dato,Nessun Dato,Galina,Nessun Dato,Fregoie,Prestinér,Macelér,Nessun Dato,petònega,ciöppì,Nessun Dato,Nessun Dato,Nessun Dato,Bagnàt,Nessun Dato,Nessun Dato,Moi paciarét
134,Moio de' Calvi,scossàl,Nessun Dato,Nessun Dato,Orolòi,Nessun Dato,Scarsèla,Nessun Dato,Nessun Dato,Nessun Dato,Nessun Dato,Pedriöl,Nessun Dato,Nessun Dato,Nessun Dato,Nessun Dato,Nessun Dato,Nessun Dato,Nessun Dato,Nessun Dato,Nessun Dato,Nessun Dato,Nessun Dato,Nessun Dato,Nessun Dato,Nessun Dato,Nessun Dato,Nessun Dato,Nessun Dato,Nessun Dato
135,Monasterolo del Castello,bigaröl,Sunì,söbra,Orolòi,Codeghì,Scarsèla,Telemora,topinéra,Coèrcc,Solfanèl,Pedriöl,Podet,Nessun Dato,Plòch,Poia,Bignaga,Fregoie,Fornér,Bechér,becaöcc,petònega,Pötvecc,Nessun Dato,Nessun Dato,butù,Bagnàt,Nessun Dato,Nessun Dato,Bagnàt
136,Montello,bigaröla,Porsèl,sébra,Leròi,Strinù,Scarsèla,Tiramola,Nessun Dato,Coèrcc,Nessun Dato,Pedriöl,Podet,s-cioparöle,Plòch,Poia,Nessun Dato,Migle,Fornér,Macelér,Nessun Dato,petònega,Nessun Dato,l'ass de bastù,ol pisagì,Nessun Dato,Nessun Dato,La cüla,l'ass de spade,Bagnàt
137,Morengo,bigaröla,Sunì,sibra,Nessun Dato,Cudeghì,Scarsèla,Telemora,topinéra,Coèrcc,Solfanèl,Pedriöl,Pighess,méche,Plòch,Poia,Bignaga,Fregoie,Prestinér,Bechér,becaöcc,petònega,Pöt,l'ass de bastù,ol pisagì,butù,Bagnàt,la bola,l'ass de spade,Maserét
138,Mornico al Serio,scossàl,Sunì,söbra,Orolòi,Codeghì,Scarsèla,Tilamora,tópa,Coèrcc,Solfanèl,Pedriöl,Podet,puccurní,Plòch,Poia,Bignaga,Migle,Fornér,Bechér,becaöcc,petònega,Pöt,Nessun Dato,Nessun Dato,bigol,Bagnàt,Nessun Dato,Nessun Dato,Bagnàt
139,Mozzanica,scussàl,Roi,sébra,Relòi,Cudeghì,Sacòcia,Talamora,tópa,Coèrcc,Fiamifer,Pedriöl,Fursetù,méche,Sàss,Galina,albicòca,Fregoie,Prestinér,Macelér,Sciura,petònega,maröcc,l'ass de bastù,l'ass de coppe,bigol,Bagnàt,l'ass de ori,l'ass de spade,Maserét
140,Mozzo,bigaröla,Sunì,sibra,Orolòi,Strinù,Scarsèla,Tiramola,tópa,Coèrcc,Fiamifer,Pedriöl,Pighess,culumbine,Sàss,Poia,Bignaga,Gandaie,Fornér,Macelér,Nessun Dato,petònega,Barba,ol vincerai,ol pisalobia,butù,Bagnàt,ol borla,l'ass de spade,Maserét
141,Nembro,bigaröla,Sunì,sibra,Leròi,Strinù,Scarsèla,Tiramola,tópa,Coèrcc,Solfanèl,Pedriöl,Podet,colombine,Plòch,Poia,Bignaga,Migole,Fornér,Macelér,becaöcc,petònega,Pötvecc,l'ass de bastù,ol pisalobia,butù,Bagnàt,l'ass de ori,l'ass de spade,Bagnàt
142,Olmo al Brembo,Nessun Dato,Ciù,Nessun Dato,Nessun Dato,Nessun Dato,Scarsèla,Nessun Dato,Nessun Dato,Nessun Dato,Nessun Dato,Nessun Dato,Nessun Dato,Nessun Dato,Corna,Nessun Dato,Nessun Dato,Nessun Dato,Nessun Dato,Nessun Dato,Nessun Dato,Nessun Dato,Nessun Dato,Nessun Dato,Nessun Dato,Nessun Dato,Nessun Dato,Nessun Dato,Nessun Dato,Nessun Dato
143,Oltre il Colle,bigaröla,Porsèl,sébra,Leròi,Codeghì,Gaiòfa,Tilimora,topinéra,Coèrcc,Solfanèl,Pedriöl,Corlass,s-ciüpi,Plòch,Poia,Bignaga,miglài,Fornér,Bechér,Nessun Dato,petònega,Pötvecc,l'ass de bastù,l'ass de coppe,butù,Bagnàt,l'ass de ori,l'ass de spade,Bagnàt
144,Oltressenda Alta,Nessun Dato,Nessun Dato,Nessun Dato,Nessun Dato,Nessun Dato,Gaiòfa,Nessun Dato,topinéra,Coèrcc,Solfanèl,Nessun Dato,Sblam,Bombaröi,Plòch,Poia,Nessun Dato,Migole,Fornér,Nessun Dato,Nessun Dato,petònega,Nessun Dato,Nessun Dato,Nessun Dato,Nessun Dato,Nessun Dato,Nessun Dato,Nessun Dato,Nessun Dato
145,Oneta,scussalina,Porsèl,sébra,Leròi,Codeghì,Gaiòfa,Telimora,topinéra,Coèrcc,Solfanèl,Pedriöl,Podet,Nessun Dato,Plòch,Poia,Bignaga,Migle,Fornér,Macelér,becaöcc,petònega,Pötvecc,Nessun Dato,Nessun Dato,butù,Bagnàt,Nessun Dato,Nessun Dato,Méss
146,Onore,bigaröla,Sunì,saàta,Leròi,Nessun Dato,Sacòcia,Telemora,Nessun Dato,Coèrcc,Solfanèl,Pedriöl,Podet,Nessun Dato,Plòch,Poia,Nessun Dato,Migle,Fornér,Macelér,Nessun Dato,petònega,Pötvecc,ol vincerai,ol pisagì,butù,trebatit,l'ass de ori,l'ass de spade,mes trebatit
147,Orio al Serio,bigaröla,Nessun Dato,Nessun Dato,Orolòi,Nessun Dato,Nessun Dato,Sbursola,Nessun Dato,Nessun Dato,Nessun Dato,Nessun Dato,Nessun Dato,Nessun Dato,Plòch,Nessun Dato,Nessun Dato,Nessun Dato,Nessun Dato,Nessun Dato,Nessun Dato,petònega,Nessun Dato,Nessun Dato,Nessun Dato,Nessun Dato,Nessun Dato,Nessun Dato,Nessun Dato,Maserét
148,Ornica,scossàl,Nessun Dato,Zébra,Leròi,Codeghì,Scarsèla,Nessun Dato,Nessun Dato,Nessun Dato,Nessun Dato,Pedriöl,Fols,méche,Cörna,Galina,Nessun Dato,Mögazza,Paneter ,Nessun Dato,Nessun Dato,Nessun Dato,Pöt,Nessun Dato,Nessun Dato,Nessun Dato,Masèr,Nessun Dato,Nessun Dato,Slòzz
149,Osio Sopra,scossàl,Porsèl,sibra,Orolòi,Codeghì,Scarsèla,Tiramola,tópa,Coèrcc,Solfanèl,Pedriöl,Pighess,méche,Plòch,Poia,Mignaga,Migole,Fornér,Macelér,scanaöcc,petònega,Marèll,l'ass de bastù,ol pisì,butù,Bagnàt,l'ass de ori,l'ass de spade,Maserét
150,Osio Sotto,bigaröla,Porsèl,sibra,Orolòi,Codeghì,Scarsèla,Tiramola,tópa,Coèrcc,Solfanèl,Pedriöl,Pighess,méche,Sàss,Poia,Mignaga,Gandaie,Prestinér,Macelér,scanaöcc,petònega,Marèll,l'ass de bastù,ol pisì,butù,Bagnàt,l'ass de ori,l'ass de spade,Maserét
151,Pagazzano,bigaröla,Porsèl,sébra,Orolòi,Nessun Dato,Sacòcia,Telemora,tópa,Coèrcc,Fiamifer,Pedriöl,Pighess,Nessun Dato,Plòch,Nessun Dato,Nessun Dato,Fregoie,Prestinér,Macelér,Nessun Dato,petònega,Maröc,ol vincerai,ol pisagì,butù,Bagnàt,la bola,Spadù,Maserét
152,Paladina,bigaröla,Porsèl,sibra,Leròi,Codeghì,Scarsèla,Tiramola,tópa,Coèrcc,Fiamifer,Pedriöl,Pighess,culumbine,Sàss,Poia,Bignaga,Migole,Fornér,Macelér,becaöcc,petònega,Barba,ol vincerai,ol pisì,butù,Bagnàt,ol borla,l'ass de spade,Bagnàt
153,Palazzago,bigaröla,Ciù,sibra,Orolòi,Codeghì,Scarsèla,Tiramola,tópa,Coèrcc,Fiamifer,Pedriöl,Pigassa,s-cioparöle,Sàss,Poia,Mignaga,Migole,Fornér,Macelér,becaöcc,petònega,Barba,ol vincerai,ol pisalobia,butù,Bagnàt,la borla,l'ass de spade,Maserét
154,Palosco,bigaröl,Sunì,söbra,Leròi,Cudeghì,Scarsèla,Telemora,tópa,Coèrcc,Solfanèl,Pedriöl,Podet,Nessun Dato,Plòch,Poia,Albicòch,Migole,Fornér,Bechér,Nessun Dato,petònega,Pöt,ol vincerai,ol pisagì,bigol,Bagnàt,la borla,l'ass de spade,Bagnàt
155,Parre,bigaröla,Porsèl,sébra,Leròi,Strinù,Gaiòfa,telimora,topinéra,Coèrcc,Fiamifer,Pedriöl,Podet,pop corn o poccorn,Plòch,Poia,Albicòch,Migole,paneter,Macelér,becaöcc,petònega,Pötvecc,ol bastù,ol pisagì,butù,Bagnàt,l'ass de ori,l'ass de spade,Mess
156,Parzanica,bigaröl,Nessun Dato,Nessun Dato,Orolòi,Strinù,Nessun Dato,Nessun Dato,tópa,Coèrcc,Fölminànt,Törtaröl,Pudett,Nessun Dato,Balót,Galina,Armignaga,Migole,Panetér,Macelér,Nessun Dato,petònega,Pöt,ol vincerai,ol pisalobia,butù,Bagnàt,Ol cül del nono,l'ass de spade,Bagnàt
157,Pedrengo,bigaröla,Sunì,sibra,Orolòi,Strinù,Scarsèla,Tiramola,tarfù,Coèrcc,Solfanèl,Pedriöl,Podet,méche,Plòch,Poia,Bignaga,Migle,Fornér,Macelér,becaöcc,petònega,Pötvecc,l'ass de bastù,l'ass de coppe,bigol,Bagnàt,la borla,l'ass de spade,Bagnàt
158,Peia,bigaröla,Sunì,söbra,Leròi,Strinù,Gaiòfa,Telemora,topinéra,Coèrcc,Solfanèl,Pedriöl,Podet,Nessun Dato,Plòch,Poia,Mignaga,Migle,Paneter,Macelér,becaöcc,petònega,Pötvecc,ol bastù,ol pisì,butù,Bagnàt,La cula,l'ass de spade,Mez
159,Pianico,bigaröla,Sunì,saàta,Leròi,Strinù,Scarsèla,Tilimora,Nessun Dato,Coèrcc,Fiamifer,Turtaröl,Podet,Nessun Dato,Plòch,Poia,Remignaga ,Nessun Dato,Fornér,Macelér,Nessun Dato,petònega,Pötvecc,Nessun Dato,Nessun Dato,butù,Bagnàt,Nessun Dato,Nessun Dato,Bagnàt
160,Piario,scussàl,Sunì,saàta,Leròi,Nessun Dato,Gaiòfa,Telimora,topinéra,Coèrcc,Fiamifer,Nessun Dato,Podet,Nessun Dato,Plòch,Poia,Bignaga,Migle,Fornér,Macelér,Nessun Dato,petònega,Pötvecc,l'ass de bastù,ol pisì,butù,Bagnàt,la bola,l'ass de spade,Méss
161,Piazza Brembana,scossàl,Porsèl,sébra,Orolòi,Codeghì,Scarsèla,Talamora,Nessun Dato,Coèrcc,Nessun Dato,Pedriöl,Fols,Nessun Dato,Sàss,Poia,Nessun Dato,Migole,Fornér,Macelér,Nessun Dato,petònega,Nessun Dato,Nessun Dato,Nessun Dato,Butulì del nono,Bagnàt,Nessun Dato,Nessun Dato,masero
162,Piazzatorre,Nessun Dato,Nessun Dato,Nessun Dato,Nessun Dato,Nessun Dato,Nessun Dato,Nessun Dato,Nessun Dato,Nessun Dato,Nessun Dato,Nessun Dato,Nessun Dato,Nessun Dato,Nessun Dato,Nessun Dato,Nessun Dato,Nessun Dato,Nessun Dato,Nessun Dato,Nessun Dato,Nessun Dato,Nessun Dato,Nessun Dato,Nessun Dato,Nessun Dato,Nessun Dato,Nessun Dato,Nessun Dato,Nessun Dato
163,Piazzolo,Nessun Dato,Nessun Dato,sibra,Nessun Dato,Cudeghì,Scarsèla,Nessun Dato,Nessun Dato,Nessun Dato,Nessun Dato,Nessun Dato,Sblam,Bombaröi,Sàss,Nessun Dato,Albicòch,Nessun Dato,Nessun Dato,Nessun Dato,Nessun Dato,Nessun Dato,Nessun Dato,Nessun Dato,Nessun Dato,Nessun Dato,Nessun Dato,Nessun Dato,Nessun Dato,Nessun Dato
164,Pognano,scossàl,Porsèl,sibra,Nessun Dato,Nessun Dato,Nessun Dato,Telemora,Nessun Dato,Coèrcc,sonfanel,Pedriöl,Pighess,méche,Sàss,Poia,Nessun Dato,Fregoie,Panetér,Macelér,Libellula,petònega,Marèll,l'ass de bastù,l'ass de coppe,butù,Bagnàt,l'ass de ori,l'ass de spade,Bagnàt
165,Ponte Nossa,bigaröla,Porsèl,sébra,Relòi,Strinù,Scarsèla,Telimora,topinéra,Coèrcc,Solfanèl,Pedriöl,Podet,s-cioparöle,Plòch,Poia,Albicòch,Migole,Fornér,Macelér,becaöcc,petònega,Pötvecc,l'ass de bastù,ol pisalobia,Nessun Dato,Méss,la formaggia,l'ass de spade,Imbrombèt
166,Ponte San Pietro,bigaröla,Sunì,sibra,Urlòi,Cudeghì,Scarsèla,Tiramola,tarfù,Coèrcc,Fiamifer,Pedriöl,Pighess,culumbine,Sàss,Poia,Mignaga,Gandaie,Fornér,Bechér,becaöcc,petònega,Barba,ol vincerai,ol pisì,butù,Bagnàt,ol borla,l'ass de spade,Maserét
167,Ponteranica,bigaröla,Sunì,sibra,Orolòi,Codeghì,Scarsèla,Tiramola,tópa,Coèrcc,Solferì,Pedriöl,Pighess,s-cioparöle,Plòch,Poia,Bignaga,Gandài,Fornér,Macelér,becaöcc,petònega,Pötvecc,ol vincerai,ol pisagì,butù,Bagnàt,l'ass de ori,l'ass de spade,Maserét
168,Pontida,bigarlì,Ciunì,sébra,Urlòi,Cudeghì,Sacòcia,Tiramola,tópa,Coèrcc,Solfanèl,Pedriöl,Pigassa,s-ciuparöle,Sàss,Poia,Mignaga,Gandaie,Fornér,Macelér,becaöcc,petònega,Barba,l'ass de bastù,l'ass de coppe,Nessun Dato,Bagnàt,la borla,l'ass de spade,Maserét
169,Pontirolo Nuovo,scussalina,Porsèl,sibra,Urlòi,Strinù,Sacòcia,Tiramola,tarfù,Coèrcc,Fiamifer,Pedriöl,Pighess,méche,Sàss,Galina,Albicòch,Fregoe,Prestinér,Macelér,becaöcc,petònega,Marèll,l'ass de bastù,l'ass de coppe,butù,Bagnàt,l'ass de ori,l'ass de spade,Maserét
170,Pradalunga,bigaröla,Sunì,sébra,Leròi,Strinù,Scarsèla,Telemora,Trepuna,Coèrcc,Solfanèl,Pedriöl,Podet,Nessun Dato,Plòch,Poia,Bignaga,Migle,Fornér,Bechér,becaöcc,petònega,Pötvecc,l'ass de bastù,ol pisalobia,butù,Bagnàt,La cüla,l'ass de spade,Bagnàt
171,Predore,scossàl,Sunì,sibra,Relòi,Strinù,Gaiòfa,Telemora,topinéra,Coèrcc,Solfanèl,Pedriöl,Podet,culumbine,Plòch,Poia,Nessun Dato,Migole,Nessun Dato,Bechér,Nessun Dato,petònega,Pötvecc,l'ass de bastù,ol pisì,bigol,Nessun Dato,ol borla,l'ass de spade,Nessun Dato
172,Premolo,scossàl,Porsèl,sébra,Leròi,Strinù,Gaiòfa,Telimora,topinéra,Coèrcc,Solfanèl,Pedriöl,Podet,Nessun Dato,Plòch,Poia,Mignaga,Migole,Fornér,Macelér,becaöcc,petònega,Pötvecc,ol vincerai,l'ass de coppe,butù,Bagnàt,la polenta,l'ass de spade,Méss
173,Presezzo,bigaröla,Sunì,sibra,Urlòi,Codeghì,Scarsèla,Tiramola,Tapa,Coèrcc,Fiamifer,Pedriöl,Podet,s-cioparöle,Sàss,Poia,Mignaga,Gandaie,Fornér,Bechér,becaöcc,petònega,Barba,l'ass de bastù,ol pisì,butù,Bagnàt,ol borla,l'ass de spade,Bagnàt
174,Pumenengo,scussàl,Roi,sibra,Orolòi,Nessun Dato,Sacòcia,Talamóra,Talpù,Nessun Dato,Nessun Dato,Nessun Dato,Podet,Nessun Dato,Plòch,Galina,Nessun Dato,Nessun Dato,Prestinér,Macelér,Nessun Dato,Nessun Dato,Nessun Dato,l'ass de bastù,l'ass de coppe,bigol,Nessun Dato,l'ass de ori,l'ass de spade,Nessun Dato
175,Ranica,bigaröla,Sunì,sibra,Leròi,Strinù,Scarsèla,Tiramola,tópa,Coèrcc,Solfanèl,Pedriöl,Podet,s-cioparöle,Plòch,Poia,Bignaga,Gandaie,Fornér,Macelér,becaöcc,petònega,Pötvecc,ol vincerai,ol pisalobia,butù,Bagnàt,La polenta,l'ass de spade,Bagnàt
176,Ranzanico,bigaröl,Sunì,söbra,Nessun Dato,Strinù,Scarsèla,Tiramola,Nessun Dato,Coèrcc,Fölminànt,Nessun Dato,Podet,Nessun Dato,Plòch,Poia,Albicòch,Migle,Nessun Dato,Macelér,Nessun Dato,petònega,Pötvecc,Nessun Dato,Nessun Dato,butù,Nessun Dato,Nessun Dato,Nessun Dato,Nessun Dato
177,Riva di Solto,bigaröla,Porsèl,saàta,Leròi,Strinù,Scarsèla,Telemora,Nessun Dato,Coèrcc,Solfanèl,Turtaröl,Podéta,Nessun Dato,Plòch,Galina,Nessun Dato,Migole,Fornér,Macelér,Nessun Dato,petònega,Pötvecc,Nessun Dato,Nessun Dato,butù,Bagnàt,Nessun Dato,Nessun Dato,Bagnàt
178,Rogno,bigaröl,Porsèl,saàta,Nessun Dato,Strinù,Nessun Dato,Nessun Dato,Nessun Dato,Coèrcc,Solfanèl,Turtaröl,Podet,culumbine,Plòch,Galina,Nessun Dato,Migole,Fornér,Macelér,becaöcc,petònega,Pöt,Nessun Dato,Nessun Dato,bigol,Bagnàt,Nessun Dato,Nessun Dato,Miss bagnat
179,Romano di Lombardia,bigaröla,Porsèl,sibra,Orolòi,Strinù,Scarsèla,Talamora,tópa,Coèrcc,Solfanèl,Pedriöl,Podet,s-cioparöle,Plòch,Poia,Albicòch,Migle,Fornér,Macelér,becaöcc,petònega,Pöt,l'ass de bastù,l'ass de coppe,bigol,Bagnàt,la bola,l'ass de spade,Bagnàt
180,Roncobello,scossàl,Porsèl,Sambróch,Leròi,Strinù,Scarsèla,Ragnáda,Nessun Dato,Coèrcc,Solfanèl,Pedriöl,Corlass,méche,Sàss,Galina,Bögnaga,Migole,Prestinér,Bechér,Nessun Dato,petònega,Pötvecc,l'ass de bastù,ol pisalobia,butù,Bagnàt,l'ass de ori,l'ass de spade,Cimbo
181,Roncola,Begaröl,Ciù,sébra,Nessun Dato,Codeghì,Gaiòfa,Telemora,Nessun Dato,Coèrcc,Nessun Dato,Pedriöl,Pighess,Nessun Dato,Sàss,Poia,Nessun Dato,Gandaie,Fornér,Macelér,becaöcc,zabèta,Barba,l'ass de bastù,l'ass de coppe,butù,Bagnàt,l'ass de ori,l'ass de spade,Maserét
182,Rota d'Imagna,scossàl,Porsèl,sébra,Leròi,Cudeghì,Sacòcia,Nessun Dato,tópa,Coèrcc,Fiamifer,Pedriöl,Corlass,S-ciupú,Sàss,Galina,Nessun Dato,Nessun Dato,Fornér,Macelér,Nessun Dato,petònega,Nessun Dato,l'ass de bastù,l'ass de coppe,butù,Méss,la formaggia,l'ass de spade,Maserét
183,Rovetta,bigaröl,Pursèl,saàta,Leròi,Strinù,Gaiòfa,Telemora,topinéra,Coèrcc,Fiamifer,Pedriöl,Podet,s-cioparöle,Plòch,Poia,Bignaga,Migole,Fornér,Bechér,Nessun Dato,petònega,Pötvecc,ol vincerai,ol pisagì,butù,Bagnàt,l'ass de ori,l'ass de spade,Méss
184,San Giovanni Bianco,scossàl,Porsèl,sibra,Leròi,Codeghì,Scarsèla,Tiramola,tópa,Coèrcc,Fiamifer,Pedriöl,Podet,méche,Sàss,Poia,Bignaga,Migole,Fornér,Bechér,becaöcc,petònega,Pötvecc,l'ass de bastù,l'ass de coppe,butù,Bagnàt,l'ass de ori,l'ass de spade,Maser
185,San Paolo d'Argon,scossalina,Sunì,sibra,Relòi,Cudeghì,Scarsèla,Tiramola,tópa,Coèrcc,Solfanèl,Pedriöl,Podet,S-ciopù,Plòch,Poia,Bignaga,Migle,Fornér,Macelér,becaöcc,petònega,Pötvecc,l'ass de bastù,ol pisagì,butù,Bagnàt,La busna,l'ass de spade,Bagnàt
186,San Pellegrino Terme,scossàl,Porsèl,sibra,Leròi,Codeghì,Scarsèla,Tiramola,tópa,Coèrcc,Solfanèl,Pedriöl,Corlass,méche,Plòch,Poia,Bignaga,Migole,Fornér,Bechér,becaöcc,petònega,Pötvecc,l'ass de bastù,ol pisalobia,butù,Bagnàt,l'ass de ori,l'ass de spade,Maserét
187,Sant'Omobono Terme,bigaröl,Porsèl,sébra,Leròi,Codeghì,Gaiòfa,Telemora,tópa,Coèrcc,Fiamifer,Pedriöl,Corlass,s-cioparöle,Sàss,Galina,Albicòch,Gandaie,Fornér,Macelér,becaöcc,petònega,Barba,ol vincerai,ol pisalobia,butù,Bagnàt,l'ass de ori,l'ass de spade,Mézz
188,Santa Brigida,bigaröla,Porsèl,sébra,Leròi,Codeghì,Scarsèla,Tiramola,Nessun Dato,Coèrcc,Fiamifer,Pedriöl,Fols,méche,Sàss,Galina,Bignaga,Migole,Prestinér,Macelér,Nessun Dato,petònega,Nessun Dato,Nessun Dato,Nessun Dato,butù,Bagnàt,Nessun Dato,Nessun Dato,Bagnàt
189,Sarnico,bigaröl,Sunì,saàta,Relòi,Strinù,Gaiòfa,Telemora,Nessun Dato,Coèrcc,Nessun Dato,Turtaröl,Podet,colombine,Plòch,Poia,Bignaga,Migole,Fornér,Macelér,Nessun Dato,petònega,Barbì,ol vincerai,l'ass de coppe,bigol,Bagnàt,La polenta,l'ass de spade,Bagnàt
190,Scanzorosciate,bigaröla,Sunì,sibra,Relòi,Codeghì,Scarsèla,Tiramola,tópa,Coèrcc,Solfanèl,Pedriöl,Podet,culumbine,Plòch,Poia,Bignaga,Migole,Fornér,Bechér,becaöcc,petònega,Pötvecc,ol vincerai,ol pisalobia,butù,Bagnàt,l'ass de ori,l'ass de spade,Bagnàt
191,Schilpario,bigaröl,Pursèl,Sibratula,Relòi,Strinù,Sachelò,Telemora,Nessun Dato,Coèrcc,Sulfanèl,Pedriöl,Podet,Nessun Dato,Còrnó,Galina,Albicòch,Migule,Fornér,Bechér,Nessun Dato,petònega,Nessun Dato,Nessun Dato,Nessun Dato,butù dol veter,Nessun Dato,Nessun Dato,Nessun Dato,Nessun Dato
192,Sedrina,scossàl,Porsèl,sibra,Leròi,Codeghì,Scarsèla,Tiramola,tópa,Coèrcc,Solfanèl,Pedriöl,Corlass,s-cioparöle,Plòch,Poia,Bignaga,Gandài,Fornér,Macelér,becaöcc,petònega,Pöt,l'ass de bastù,ol pisalobia,butù,Bagnàt,l'ass de ori,l'ass de spade,Maserét
193,Selvino,bigaröla,Porsèl,sébra,Orolòi,Codeghì,Scarsèla,Telemora,topinéra,Coèrcc,Fiamifer,Pedriöl,Podet,Nessun Dato,Plòch,Poia,Albicòch,Nessun Dato,Fornér,Macelér,becaöcc,petònega,Pötvecc,ol vincerai,l'ass de coppe,butù,Bagnàt,Culo,l'ass de spade,Bagnàt
194,Seriate,bigaröla,Sunì,sibra,Orolòi,Strinù,Scarsèla,Tiramola,tópa,Coèrcc,Solfanèl,Pedriöl,Pighess,s-cioparöle,Plòch,Poia,Bignaga,Migole,Fornér,Macelér,becaöcc,petònega,Barbì,ol vincerai,ol pisagì,butù,Bagnàt,l'ass de ori,l'ass de spade,Bagnàt
195,Serina,bigaröl,Porsèl,sibra,Leròi,Codeghì,Gaiòfa,Telemora,topinéra,Coèrcc,Solfanèl,Pedriöl,Corlass,Nessun Dato,Plòch,Poia,Bignaga,Gandài,Paneter,Macelér,becaöcc,petònega,Barba,ol vincerai,ol pisalobia,Burlì,Bagnàt,Ol cülatù,l'ass de spade,Maserét
196,Solto Collina,bigaröla,Porsèl,söbra,Nessun Dato,Strinù,Scarsèla,Telemora,Nessun Dato,Coèrcc,Nessun Dato,Tortáröl ,Podeta ,Nessun Dato,Balót ,Poia,Nessun Dato,Nessun Dato,Nessun Dato,Bèchér ,Càhàöcc,Nessun Dato,Nessun Dato,Nessun Dato,Nessun Dato,Nessun Dato,Nessun Dato,Nessun Dato,Nessun Dato,Nessun Dato
197,Solza,scossàl,Sunì,sébra,Urlòi,Cudeghì,Sacòcia,Tiramola,tópa,Coèrcc,Solferì,Pedriöl,Pighess,Nessun Dato,Plòch,Poia,Mignaga,Gandaie,Prestinér,Bechér,becaöcc,petònega,Marèll,ol vincerai,ol pisì,butù,Bagnàt,ol borla,l'ass de spade,Maserét
198,Songavazzo,Nessun Dato,Nessun Dato,Nessun Dato,Nessun Dato,Strinù,Nessun Dato,Nessun Dato,Toppignera ,Nessun Dato,Nessun Dato,Nessun Dato,Podet,Nessun Dato,Nessun Dato,Poia,Nessun Dato,Nessun Dato,Nessun Dato,Nessun Dato,Nessun Dato,Nessun Dato,Nessun Dato,Nessun Dato,Nessun Dato,butù,Nessun Dato,Nessun Dato,Nessun Dato,Nessun Dato
199,Sorisole,bigaröl,Cì,sibra,Orolòi,Codeghì,Scarsèla,Telemora,tópa,Coèrcc,Solfanèl,Pedriöl,Pighess,culumbine,Sàss,Poia,Bignaga,Migole,Fornér,Bechér,becaöcc,petònega,Pötvecc,l'ass de bastù,ol pisagì,butù,Bagnàt,l'ass de ori,l'ass de spade,Maserét
200,Sotto il Monte Giovanni XXIII,scossalina,Sunì,sébra,Urlòi,Cudeghì,Sacòcia,Tiramola,tópa,Coèrcc,Fiamifer,Pedriöl,Pighess,s-cioparöle,Sàss,Poia,Mignaga,Gandaie,Fornér,Bechér,becaöcc,petònega,Barba,ol vincerai,ol pisì,butù,Bagnàt,ol borla,l'ass de spade,Maserét
201,Sovere,bigaröla,Porsèl,saàta,Leròi,Strinù,Scarsèla,Telemora,tarfù,Coèrcc,Fiamifer,Turtaröl,Podet,s-cioparöle,Plòch,Poia,Albicòch,Migole,Fornér,Bechér,becaöcc,petònega,Pötvecc,l'ass de bastù,ol pisagì,butù,Bagnàt,l'ass de ori,l'ass de spade,Bagnàt
202,Spinone al Lago,scossàl,Sunì,söbra,Leròi,Cudeghì,Scarsèla,Talamora,Nessun Dato,Coèrcc,Fölminànt,Pedriöl,Podeta,Nessun Dato,Plòch,Poia,Mignaga,Brise,Nessun Dato,Bechér,becaöcc,petònega,Pötvecc,l'ass de bastù,ol pisì,butù,Bagnàt,La pucia ,l'ass de spade,Trebatit
203,Spirano,bigaröla,Porsèl,sibra,Orolòi,Cudeghì,Scarsèla,Tiramola,topinéra,Coèrcc,Solfanèl,Pedriöl,Pighess,méche,Sàss,Poia,Mignaga,Fregoie,Fornér,Macelér,becaöcc,petònega,Pöt,l'ass de bastù,l'ass de coppe,butù,Bagnàt,la lola,l'ass de spade,Maserét
204,Stezzano,bigaröla,Sunì,sibra,Orolòi,Codeghì,Scarsèla,Tiramola,tópa,Coèrcc,Solfanèl,Pedriöl,Pighess,culumbine,Sàss,Poia,Bignaga,Migole,Fornér,Macelér,becaöcc,petònega,Pötvecc,l'ass de bastù,l'ass de coppe,butù,Bagnàt,l'ass de ori,l'ass de spade,Maserét
205,Strozza,scossalì,Ciù,sibra,Nessun Dato,Cudeghì,Nessun Dato,Tiramola,tópa,Coèrcc,Fiamifer,Pedriöl,Pigassa,s-cioparöle,Sàss,Poia,Nessun Dato,Migole,Fornér,Firlo,becaöcc,tofa,Barba,l'ass de bastù,ol pisalobia,butù,Bagnàt,ol borla,l'ass de spade,Bagnàt
206,Suisio,bigarla,Pursèl,sébra,Urlòi,Cudeghì,Sacòcia,Tiramola,tópa,Coèrcc,Solferì,Pedriöl,Pighess,méche,Sàss,Poia,Mignaga,Gandaie,Fornér,Macelér,becaöcc,petònega,Barba,l'ass de bastù,ol pisì,butù,Bagnàt,l'ass de ori,l'ass de spade,Maserét
207,Taleggio,scossàl,Porsèl,sibra,Rolòi,Codeghì,Sacòcia,Talimora ,tópa,Coèrcc,Fiamifer,Pedriöl,Corlass,s-cioparöle,Corna,Poia,Bignaga,Nessun Dato,Fornér,Nessun Dato,Nessun Dato,petònega,Nessun Dato,Nessun Dato,Nessun Dato,butù,Méss,Nessun Dato,Nessun Dato,Maser
208,Tavernola Bergamasca,bigaröl,Sunì,Nessun Dato,Leròi,Strinù,Scarsèla,Talamora,Nessun Dato,Coèrcc,Solfanèl,Turtaröl,Pudeta,s-cioparöle,Plòch,Galina,Albicocca,Migole,Paneter,Macelér,becaöcc,petònega,Pöt,ol vincerai,ol pisalobia,bigol,Bagnàt,la borla,l'ass de spade,Bagnàt
209,Telgate,grembiül o bigaröl,Sunì,söbra,Nessun Dato,Cudeghì,Scarsèla,Nessun Dato,tarfù,Coèrcc,Fiamifer,Pedriöl,Podet,s-cioparöle,Plòch,Poia,Bignaga,Nessun Dato,Fornér,Macelér,Nessun Dato,petònega,Barbì,l'ass de bastù,ol pisalobia,Nessun Dato,Bagnàt,l'ass de ori,l'ass de spade,Trùbatit
210,Terno d'Isola,scussàl,Sunì,sébra,Urlòi,Cudeghì,Sacòcia,Tiramola,tópa,Coèrcc,Fiamifer,Pedriöl,Pighess,méche,Sàss,Poia,Mignaga,Gandaie,Fornér,Bechér,scanaöcc,petònega,Barba,ol vincerai,ol pisì,butù,Bagnàt,l'ass de ori,l'ass de spade,Maserét
211,Torre Boldone,bigaröla,Sunì,sibra,Orolòi,Strinù,Scarsèla,Tiramola,tópa,Coèrcc,Solfanèl,Pedriöl,Podet,culumbine,Plòch,Poia,Bignaga,Gandaie,Fornér,Macelér,becaöcc,petònega,Pötvecc,ol vincerai,ol pisalobia,butù,Bagnàt,l'ass de ori,l'ass de spade,Bagnàt
212,Torre Pallavicina,scossalina,Sunì,sibra,Nessun Dato,Cudeghì,Sacòcia,Nessun Dato,Nessun Dato,Coèrcc,Solferì,Nessun Dato,Podet,Nessun Dato,Plòch,Nessun Dato,Albicòch,Nessun Dato,Nessun Dato,Nessun Dato,Nessun Dato,petònega,Nessun Dato,Nessun Dato,Nessun Dato,Nessun Dato,Nessun Dato,Nessun Dato,Nessun Dato,Nessun Dato
213,Torre de' Busi,scossàl,Ciunì,Nessun Dato,Urlòi,Cudeghì,Sacòcia,Porana,Nessun Dato,Coèrcc,Zufranel,Pedriöl,Pigazzot,Nessun Dato,Plòch,Galina,Mügnaga,Gandaie,Prestinér,Macelér,becaöcc,petònega,Marèll,Nessun Dato,Nessun Dato,butù,Bagnàt,Nessun Dato,Nessun Dato,Maserét
214,Torre de' Roveri,Nessun Dato,Sunì,sibra,Orolòi,Cudeghì,Scarsèla,Tiramola,tópa,Coèrcc,Solfanèl,Pedriöl,Podet,s-cioparöle,Plòch,Poia,Bignaga,Nessun Dato,Fornér,Bechér,becaöcc,petònega,Marèll,ol bastù,ol pisagì,butù,Bagnàt,la borla,l'ass de spade,Bagnàt
215,Trescore Balneario,scossàl,Sunì,saàta,Orolòi,Cudeghì,Scarsèla,Tiramola,tópa,Coèrcc,Fiamifer,Pedriöl,Podet,culumbine,Plòch,Poia,Bignaga,Migle,Fornér,Bechér,becaöcc,petònega,Pötvecc,ol vincerai,l'ass de coppe,butù,Bagnàt,l'ass de ori,l'ass de spade,Bagnàt
216,Treviglio,scussalina,Pursèl,sibra,Orolòi,Cudeghì,Sacòcia,Talamora,tópa,Coèrcc,Fiamifer,Pedriöl,Pighess,s-cioparöle,Sàss,Galina,Mignaga,Fregoie,Prestinér,Macelér,scanaöcc,petònega,Marèll,l'ass de bastù,l'ass de coppe,butù,Bagnàt,l'ass de ori,l'ass de spade,Maserét
217,Treviolo,bigaröla,Sunì,sibra,Orolòi,Codeghì,Scarsèla,Tiramola,tópa,Coèrcc,Solfanèl,Pedriöl,Pighess,méche,Sàss,Poia,Bignaga,Gandaie,Fornér,Macelér,scanaöcc,petònega,Pöt,l'ass de bastù,l'ass de coppe,butù,Bagnàt,l'ass de ori,l'ass de spade,Maserét
218,Ubiale Clanezzo,scossàl,Porsèl,sébra,Leròi,Codeghì,Scarsèla,Tiramola,tópa,Coèrcc,Solfanèl,Pedriöl,Pigassa,méche,Sàss,Poia,Bignaga,Migole,Fornér,Bechér,becaöcc,petònega,Barba,ol bastù,ol pisalobia,butù,Bagnàt,ol borla,l'ass de spade,Maserét
219,Urgnano,bigaröla,Sunì,sibra,Orolòi,Codeghì,Scarsèla,Tiramola,tópa,Coèrcc,Solfanèl,Pedriöl,Pighess,s-cioparöle,Plòch,Poia,Bignaga,Fregoie,Fornér,Macelér,scanaöcc,petònega,Pötvecc,l'ass de bastù,ol pisagì,butù,Bagnàt,la borla,l'ass de spade,Maserét
220,Val Brembilla,scossàl,Porsèl,sibra,Leròi,Cudeghì,Scarsèla,Tiramola,tópa,Coèrcc,Solfanèl,Pedriöl,Corlass,s-cioparöle,Sàss,Poia,Albicòch,Gandaie,Fornér,Macelér,becaöcc,petònega,Barba,l'ass de bastù,l'ass de coppe,butù,Bagnàt,l'ass de ori,l'ass de spade,Bagnàt
221,Valbondione,bigaröl,Porsèl,sibra,Relòi,Strinù,Scarsèla,Telimora,Nessun Dato,Coèrcc,Nessun Dato,Pedriöl,Corlass,s-cioparöle,Nessun Dato,Galina,Nessun Dato,Migole,Paneter ,Macelér,Nessun Dato,petònega,Pötvecc,l'ass de bastù,ol pisalobia,butù,Bagnàt,La polenta,l'ass de spade,Maserét
222,Valbrembo,scossàl,Porsèl,sibra,Orolòi,Codeghì,Scarsèla,Tiramola,topinéra,Coèrcc,Solfanèl,Pedriöl,Pighess,méche,Sàss,Poia,Bignaga,Migole,Fornér,Bechér,becaöcc,petònega,Barba,ol vincerai,ol pisì,butù,Bagnàt,ol borla,l'ass de spade,Maserét
223,Valgoglio,Nessun Dato,Nessun Dato,sébra,Nessun Dato,Nessun Dato,Gaiòfa,Nessun Dato,Nessun Dato,Nessun Dato,Solfanèl,Pedriöl,Podet,Nessun Dato,Plòch,Nessun Dato,Nessun Dato,Nessun Dato,Nessun Dato,Nessun Dato,Nessun Dato,Nessun Dato,Nessun Dato,Nessun Dato,Nessun Dato,Nessun Dato,Bagnàt,Nessun Dato,Nessun Dato,Bagnat mis
224,Valleve,Nessun Dato,Nessun Dato,Nessun Dato,Nessun Dato,Nessun Dato,Nessun Dato,Nessun Dato,Nessun Dato,Nessun Dato,Nessun Dato,Nessun Dato,Nessun Dato,Nessun Dato,Nessun Dato,Pita,Nessun Dato,Nessun Dato,Nessun Dato,Nessun Dato,Nessun Dato,Nessun Dato,Nessun Dato,Nessun Dato,Nessun Dato,Nessun Dato,Nessun Dato,Nessun Dato,Nessun Dato,Nessun Dato
225,Valnegra,scossàl,Nessun Dato,Nessun Dato,Nessun Dato,Nessun Dato,Nessun Dato,Nessun Dato,Nessun Dato,Nessun Dato,Nessun Dato,Nessun Dato,Nessun Dato,Nessun Dato,Nessun Dato,Nessun Dato,Nessun Dato,Nessun Dato,Nessun Dato,Nessun Dato,Nessun Dato,Nessun Dato,Nessun Dato,Nessun Dato,Nessun Dato,Nessun Dato,Nessun Dato,Nessun Dato,Nessun Dato,Nessun Dato
226,Valtorta,scossàl,Porsèl,Zebra con la z molto marcata ,Leròi,Codeghì,Scarsèla,Talamora ,Tüpina,Nessun Dato,Nessun Dato,Pedriöl,Fols,méche,"Piòch, plòchada quando vine lanciato",Galina,Albicòch,Mögazze,Panèter,Macelér,Nessun Dato,petònega,Nessun Dato,l'ass de bastù,l'ass de coppe,butù,Bagnàt,l'ass de ori,l'ass de spade,Bagnàt
227,Vedeseta,Nessun Dato,Pursèl,Nessun Dato,Nessun Dato,Nessun Dato,Scarsèla,Tiramola,tópa,Coèrcc,Fiamifer,Pedriöl,Fols,s-ciuparöle,Nessun Dato,Poia,Nessun Dato,Nessun Dato,Nessun Dato,Nessun Dato,Nessun Dato,petònega,Nessun Dato,Nessun Dato,Nessun Dato,Nessun Dato,Nessun Dato,Nessun Dato,Nessun Dato,Nessun Dato
228,Verdellino,bigaröla,Porsèl,sibra,Orolòi,Strinù,Scarsèla,Tiramola,tópa,Coèrcc,Solfanèl,Pedriöl,Pighess,méche,Sàss,Poia,Mignaga,Fregói,Fornér,Macelér,becaöcc,petònega,Marèll,l'ass de bastù,ol pisì,butù,Bagnàt,La cüla,l'ass de spade,Maserét
229,Verdello,bigaröla,Porsèl,sibra,Orolòi,Cudeghì,Scarsèla,Tiramola,Nessun Dato,Coèrcc,Solfanèl,Pedriöl,Pighess,méche,Sàss,Poia,Mignaga,Migole,Prestinér,Macelér,Nessun Dato,petònega,Marèll,l'ass de bastù,ol pisì,butù,Bagnàt,l'ass de ori,l'ass de spade,Bagnàt
230,Vertova,bigaröla,Porsèl,söbra,Leròi,Strinù,Scarsèla,Telemora,Tapinera,Coèrcc,Solfanèl,Pedriöl,Podet,Pop corn,Plòch,Poia,Bignaga,Migle,Fornér,Bechér,becaöcc,petònega,Pötvecc,ol vincerai,ol pisalobia,butù,Bagnàt,l'ass de ori,l'ass de spade,Mézz
231,Viadanica,bigaröla,Sunì,Nessun Dato,Nessun Dato,Nessun Dato,Nessun Dato,Nessun Dato,Nessun Dato,Nessun Dato,Nessun Dato,Pedriöl,Podet o podeta,Nessun Dato,Nessun Dato,Poia,Nessun Dato,Nessun Dato,Panetér,Bechér,Nessun Dato,petònega,Furbo,ol bastù,l'ass de coppe,bigol,Bagnàt,la borla,l'ass de spade,Méss
232,Vigano San Martino,scossalina,Sunì,saàta,Orolòi,Nessun Dato,Carsèla,Tiramola,Nessun Dato,Coèrcc,Fiamifer,Nessun Dato,Podet,Nessun Dato,Nessun Dato,Poia,Bignaga,Nessun Dato,Fornér,Macelér,Nessun Dato,Nessun Dato,Nessun Dato,Nessun Dato,Nessun Dato,Nessun Dato,Bagnàt,Nessun Dato,Nessun Dato,Bagnàt
233,Vigolo,bigaröla,Sunì,Sapata ,Orolòi,Strinù,Scarsèla,Talamora,Tupina,Nessun Dato,Nessun Dato,Nessun Dato,Pudeta ,Nessun Dato,Plòch,Poia,Nessun Dato,Nessun Dato,Paneter ,Nessun Dato,Nessun Dato,tofa,Pöt,Nessun Dato,Nessun Dato,bigol,Nessun Dato,Nessun Dato,Nessun Dato,Nessun Dato
234,Villa d'Adda,scussàl,Pursèl,sébra,Urlòi,Cudeghì,Sacòcia,Tiramola,Nessun Dato,Coèrcc,Solferì,Pedriöl,Pighezzot,culumbine,Sàss,Poia,Mignaga,Gandaie,Fornér,Nessun Dato,becaöcc,zabèta,Barba,ol vincerai,ol pisì,Nessun Dato,Bagnàt,ol borla,ol taiamerde,Maserét
235,Villa d'Alme,bigaröla,Sunì,Nessun Dato,Relòi,Codeghì,Scarsèla,Tiramola,tópa,Coèrcc,Fiamifer,Pedriöl,Pighess,s-cioparöle,Sàss,Poia,Bignaga,Gandaie,Fornér,Macelér,becaöcc,petònega,Pötvecc,ol vincerai,ol pisagì,butù,Bagnàt,Ol polentú,l'ass de spade,Maserét
236,Villa d'Ogna,scossàl,Sunì,saàta,Leròi,Strinù,Gaiòfa,Telimora,topinéra,Coèrcc,Solfanèl,Pedriöl,Podet,s-cioparöle,Plòch,Galina,Nessun Dato,Migole,Fornér,Bechér,becaöcc,petònega,Pötvecc,ol vincerai,ol pisagì,butù,Méss,La polenta ,l'ass de spade,Méss trebatìt
237,Villa di Serio,bigaröla,Sunì,sibra,Orolòi,Codeghì,Scarsèla,Tiramola,tópa,Coèrcc,Solfanèl,Pedriöl,Podet,méche,Plòch,Poia,Albicòch,Migole,Fornér,Macelér,becaöcc,petònega,Pötvecc,l'ass de bastù,l'ass de coppe,butù,Bagnàt,l'ass de ori,l'ass de spade,Bagnàt
238,Villongo,bigaröl,Sunì,saàta,Urlòi,Strinù,Gaiòfa,Talamora,Tupina ,Coèrcc,Fiamifer,Turtaröl,Podet,s-cioparöle,Plòch,Poia,Nessun Dato,Migole,Fornér,Macelér,Nessun Dato,petònega,Nessun Dato,l'ass de bastù,l'ass de coppe,bigol,Bagnàt,l'ass de ori,l'ass de spade,Bagnàt
239,Vilminore di Scalve,bigaröl,Pursèl,sibra,Relòi,Strinù,Sacòcia,Telemora,tópa,Coèrcc,Fiamifer,Pedriöl,Pudètò,Nessun Dato,Sàss,Galina,Albicòcò,Migole,Paneter ,Bechér,Nessun Dato,petònega,Pötvecc,l'ass de bastù,l'ass de coppe,bigol,Bagnàt,l'ass de ori,l'ass de spade,Bagnàt
240,Zandobbio,Nessun Dato,Sunì,söbra,Relòi,Cudeghì,Scarsèla,Telemora,Trapunara,Coèrcc,Sufranel/fülminant,Pedriöl,Podet,Nessun Dato,Plòch,Poia,Nessun Dato,Migle,Fornér,Bechér,becaöcc,petònega,Nessun Dato,l'ass de bastù,ol pisagì,butù,Bagnàt,La cula,l'ass de spade,Mes
241,Zanica,bigaröla,Sunì,sibra,Orolòi,Codeghì,Scarsèla,Tiramola,Nessun Dato,Coèrcc,Solfanèl,Pedriöl,Pighess,culumbine,Sàss,Poia,Bignaga,Migle,Fornér,Macelér,becaöcc,petònega,Pöt,ol vincerai,ol pisì,bigol,Bagnàt,l'ass de ori,l'ass de spade,Maserét
242,Zogno,bigaröl,Porsèl,sibra,Leròi,Codeghì,Scarsèla,Tiramola,tópa,Coèrcc,Fiamifer,Pedriöl,Corlass,méche,Plòch,Poia,Bignaga,Migole,Fornér,Bechér,becaöcc,petònega,Pötvecc,ol vincerai,ol pisalobia,butù,Bagnàt,la bola,l'ass de spade,Maserét
